id,event_text,url,url_id,company,fiscal_year,fiscal_period,event_type,date,time,timezone
408,"Nov 23, 2020 at 8:30 AM EST Q3 2020 Navios Maritime Holdings Earnings Conference Call",https://navios.gcs-web.com/event-calendar,99,Navios Maritime Holdings,2020,Q3,NONE,"Nov 23, 2020",08:30 AM,EST
538,"Celsius Holdings, Inc. Earnings Call Thursday May 10, 2018 2018-05-10",https://www.celsiusholdingsinc.com/investors/,134,"Celsius Holdings, Inc.",NONE,NONE,NONE,"May 10, 2018",NONE,NONE
950,03/01/2021 02:40 PM ET The Cowen 41st Annual Health Care Conference Webcast (opens in new window),https://ir.cerus.com/news-and-events/annual-meeting/default.aspx,236,The Cowen,NONE,Y,NONE,"Mar 01, 2021",02:40 PM,ET
746,"JMP Securities 2021 Life Sciences Conference JUN 16, 2021 • 1:00PM EDT  Webcast",https://ir.syros.com/presentations,186,JMP Securities,2021,NONE,NONE,"Jun 16, 2021",01:00 PM,EDT
39,"Jun 01, 2021 1:10 PM ET Cowen 49th Annual Media & Telecom Conference Webcast",https://investor.juniper.net/investor-relations/events/default.aspx,9,Cowen,NONE,Y,NONE,"Jun 01, 2021",01:10 PM,ET
176,05.27.21 04:45 PM EDT	 Q1 2022 Guess Earnings Conference Call,https://investors.guess.com/events-and-presentations/upcoming-events,42,Guess,2022,Q1,NONE,"May 27, 2021",04:45 PM,EDT
246,"Feb 24, 2021 at 10:30 AM EST Avista Corporation Q4 2020 Earnings Conference Call Click here for webcast",https://investor.avistacorp.com/events-and-presentations,59,Avista Corporation,2020,Q4,NONE,"Feb 24, 2021",10:30 AM,EST
982,4.1.21 Argo Group Schedules First Quarter 2021 Earnings Release and Conference Call,https://www.argolimited.com/investors/presentations/,245,Argo Group,NONE,Q1,NONE,"Feb 01, 2020",NONE,NONE
800,23rd Annual Needham Virtual Growth Conference 01/14/21 11:30 AM EST,https://ir.everbridge.com/events-presentations,196,Needham,NONE,Y,NONE,"Jan 14, 2021",11:30 AM,EST
1059,"Tuesday, August 3, 2021 9:00 AM CT Centerspace Q2 2021 Earnings Call",http://ir.iretapartments.com/event,266,Centerspace,2021,Q2,NONE,"Aug 03, 2021",09:00 AM,CT
1018,"ICPA Summer Conference [Hybrid Event] July 25-28, 2021",https://www.e2open.com/events/,256,ICPA,NONE,NONE,NONE,"Jul 25, 1928",NONE,NONE
155,05/26/2021 8:00 AM EDT	 Hess Corporation at the UBS Global Energy Virtual Conference 2021,https://investors.hess.com/Events-and-Webcasts,35,Hess Corporation,2021,NONE,NONE,"May 26, 2021",08:00 AM,EDT
639,"Jul 15, 2021 10:00 am MDT Investor Day",http://www.purecyclewater.com/investors/,161,NONE,NONE,NONE,NONE,"Jul 15, 2021",10:00 AM,MDT
663,"November 2, 2020 03:00 PM EST Third Quarter Fiscal 2020 Earnings Conference CallWebcast",https://investor.campingworld.com/events-and-presentations/default.aspx,165,NONE,2020,Q3,NONE,"Nov 02, 2020",03:00 PM,EST
288,11.16.2020 | 11:20 AM EST Stifel 2020 Virtual Healthcare Conference Listen to webcast,https://investors.ivericbio.com/events-and-presentation,69,Stifel,2020,NONE,NONE,"Jan 01, 2016",11:20 AM,EST
626,"03/01/2021 10:00 AM ET Novanta, Inc. 2020 Q4 Earnings Call",https://investors.novanta.com/presentations-and-events,156,"Novanta, Inc.",2020,Q4,NONE,"Mar 01, 2021",10:00 AM,NONE
686,"Commercial Launch Update Call June 29, 2021 • 12:00pm EDT",https://ir.scynexis.com/presentations,171,NONE,NONE,NONE,NONE,"Jun 29, 2021",12:00 PM,EDT
727,"Jun 3, 2021 10:00 AM PST 2021 Annual Meeting of Shareholders Listen to Webcast(opens in new window)",https://investor.avalara.com/press-releases/events-and-presentations/default.aspx,181,NONE,2021,Y,NONE,"Jun 03, 2021",10:00 AM,PST
570,"May 06, 2021 8:00 am EDT	 Q1 2021 Athenex Inc. Earnings Conference Call",https://ir.athenex.com/investor-calendar,144,Athenex Inc.,2021,Q1,NONE,"May 06, 2021",08:00 AM,EDT
887,"March 30, 2021	 Bank of America Global Automotive Summit",https://investors.adient.com/events-and-presentations/events,222,Bank of America,NONE,NONE,NONE,"Mar 30, 2021",NONE,NONE
18,"Jun 3, 2021 at 10:00 AM CDT	 Bernstein’s 2021 Strategic Decisions Conference Click here for webcast",https://investor.kimberly-clark.com/events-and-presentations/events,4,Bernstein’s,2021,NONE,NONE,"Jun 03, 2021",10:00 AM,CDT
128,1/27/2021 6:00 PM ET WHITESTONE REIT ANNOUNCES FOURTH QUARTER AND YEAR END 2020 EARNINGS WEBCAST AND CONFERENCE CALL,http://ir.whitestonereit.com/Presentations,29,WHITESTONE REIT,2020,Q4,NONE,"Jan 27, 2021",06:00 PM,ET
323,"Helius Medical Technologies, Inc. to Present at the ICR Conference 2021 Thursday, January 14th at 10:45 a.m. Eastern Time Webcast",https://heliusmedical.com/index.php/investor-relations/events/upcoming-events,77,"Helius Medical Technologies,",2021,NONE,NONE,NONE,10:45 AM,EASTERN TIME WEBCAST
256,"Event:	Cowen and Company 41st Annual Health Care Conference Type:	Investment Conference Date:	March 2, 2021",https://www.pumabiotechnology.com/ir_events.html,61,Cowen and Company,NONE,Y,NONE,"Mar 02, 2021",NONE,NONE
787,"Universal Display Corporation Virtual 2021 Annual Meeting of Shareholders June 17, 2021 02:00 PM EDT",https://ir.oled.com/shareholders/events-and-presentations/default.aspx,194,Universal Display Corporation,2021,Y,NONE,"Jun 17, 2021",02:00 PM,EDT
1083,03/11/2021 California Resources Corporation Releases Fourth Quarter Earnings,https://investors.crc.com/events-and-presentations/,271,California Resources Corporation,NONE,Q4,NONE,"Mar 11, 2021",NONE,NONE
191,"Jefferies Virtual Healthcare Conference  Tuesday, June 2, 2020  11:00am EDT Listen to the Webcast",https://investors.varian.com/presentations,45,Jefferies,NONE,NONE,NONE,"Jun 02, 2020",11:00 AM,EDT
116,"Conference Call Discussing Earnings for First Quarter 2021 Results August 10, 2020",https://www.eplus.com/investors,27,NONE,2021,Q1,NONE,"Aug 10, 2020",NONE,NONE
1078,"April 22, 2021	 2021 First Quarter Results Conference Call",https://www.snapon.com/EN/Investors/Financial-Information/Quarterly-Earnings,270,NONE,2021,Q1,NONE,"Apr 22, 2021",NONE,NONE
742,"Global Technology Conference (Virtual) September 13-14, 2021",http://www.piperjaffray.com/2col.aspx?id=365,185,NONE,NONE,NONE,NONE,"Sep 13, 2014",NONE,NONE
607,"Wednesday, Aug 4, 2021 at 5:00 PM EDT Q2 2021 Nu Skin Enterprises Earnings Conference Click here for webcast",http://ir.nuskin.com/events-and-presentations?c=103888&p=irol-calendar,152,Nu Skin Enterprises,2021,Q2,NONE,"Aug 04, 2021",05:00 PM,EDT
181,"2nd Annual Health, Wellness & Beauty Summit VIRTUAL|SEP 13–14, 2021",https://www.cowen.com/capabilities/conferences-events/,43,NONE,NONE,Y,NONE,"Jan 04, 2021",NONE,NONE
302,"Thursday, November 5, 2020 01:00 PM ET Global Net Lease, Inc. Q3 2020 Earnings Call",http://investors.globalnetlease.com/investor-relations/news-events/event-calendar/default.aspx,72,"Global Net Lease,",2020,Q3,NONE,"Nov 05, 2020",01:00 PM,ET
904,"Thursday, July 15, 2021  8:00am - 9:00am EDT Second Quarter 2021 Earnings Conference Call Listen to the Webcast",https://bbt.investorroom.com/webcasts-and-presentations,227,NONE,2021,Q2,NONE,"Jul 15, 2021",08:00 AM,
851,06/03/21	NGL Energy Partners LP Announces Fourth Quarter and Full Year Fiscal 2021 Financial Results,http://www.nglenergypartners.com/investor-relations/presentations/,211,NGL Energy Partners LP,2021,Y,NONE,"Jun 03, 2021",NONE,NONE
973,"Q2 2021 Freshpet, Inc. Earnings Conference Call Monday, August 2, 2021 04:30 PM EST",https://investors.freshpet.com/investors/calendar-of-events/upcoming-events/default.aspx,244,"Freshpet, Inc.",2021,Q2,NONE,"Aug 02, 2021",04:30 PM,EST
818,WEBCAST: Bank of America Merrill Lynch 2019 Health Care Conference,http://www.lexpharma.com/events,203,Bank of America Merrill Lynch,NONE,NONE,NONE,"Jan 09, 2020",NONE,NONE
794,"Precision Regains Global Commercial Rights to CAR T Programs  Apr 15, 2021 at 5:00 PM EDT Listen to webcast",https://investor.precisionbiosciences.com/events-and-presentations,195,Precision,NONE,NONE,NONE,"Apr 15, 2021",05:00 PM,EDT
518,"Wednesday, December 9, 2020 10:00 AM Goldman Sachs U.S. Financial Services Conference",https://investor.synovus.com/events/events-presentations/default.aspx,130,Goldman Sachs,NONE,NONE,NONE,"Dec 09, 2020",10:00 AM,NONE
373,"Friday, Feb. 12, 2021	 4Q and Full Year 2020 Results",https://www.flowersfoods.com/investors/resources/current-investor-presentation,92,NONE,2020,Y,NONE,"Jan 02, 2021",NONE,NONE
46,"Raymond James Human Health Innovation Conference June 23, 2021 • 8:00am ET  Webcast",https://www.tonixpharma.com/news-events/investor-presentations,11,Raymond James,NONE,NONE,NONE,"Jun 23, 2021",08:00 AM,ET
477,06 May 2021 11:00 AM EDT Q2 2021 Oaktree Specialty Lending Corporation Earnings Conference Call,http://investors.oaktreespecialtylending.com/phoenix.zhtml?c=216346&p=irol-presentations,119,Oaktree,2021,Q2,NONE,"May 06, 2021",11:00 AM,EDT
158,"August 9, 2021	 CD28 Seminar",https://bernstein.dealogic.com/clientportal/Conferences/Conference?SelectedTab=10,37,NONE,NONE,NONE,NONE,"Aug 09, 2021",NONE,NONE
888,"March 12, 2021	 Adient announces strategic transformation in China",https://investors.adient.com/events-and-presentations/events,222,Adient,NONE,NONE,NONE,"Mar 12, 2021",NONE,NONE
172,"Apr 29, 2021	Selective Insurance Group, Inc. 1st Quarter 2021 Conference Call",https://www.selective.com/investors/reports-earnings-and-presentations/presentations,41,"Selective Insurance Group,",2021,Q1,NONE,"Apr 29, 2021",NONE,NONE
17,"Oct 25, 2021 at 9:00 AM CDT	 Third Quarter 2021 Earnings",https://investor.kimberly-clark.com/events-and-presentations/events,4,NONE,2021,Q3,NONE,"Oct 25, 2021",09:00 AM,CDT
512,"33rd Annual Roth Conference Mar 05, 2021 at 3:00 PM EST",https://investors.durect.com/event-calendar/past-events,129,NONE,NONE,Y,NONE,"Mar 05, 2021",03:00 PM,EST
49,"Annual Meeting of Shareholders May 7, 2021 • 11:00am ET Virtual Meeting   Webcast",https://www.tonixpharma.com/news-events/investor-presentations,11,NONE,NONE,Y,NONE,"May 07, 2021",11:00 AM,ET
192,"UBS Virtual Global Healthcare Conference  Monday, May 18, 2020  1:20pm EDT Listen to the Webcast",https://investors.varian.com/presentations,45,UBS,NONE,NONE,NONE,"May 18, 2020",01:20 PM,EDT
997,"Jan 13, 2020 4:30 PM EST	 Limoneira to Announce Fourth Quarter 2019 Financial Results View Webcast",https://investor.limoneira.com/events-presentations,249,Limoneira,2019,Q4,NONE,"Jan 13, 2020",04:30 PM,EST
516,"Tuesday, March 2, 2021 1:20 PM ET Raymond James Virtual Institutional Investors Conference",https://investor.synovus.com/events/events-presentations/default.aspx,130,Raymond James,NONE,NONE,NONE,"Mar 02, 2021",01:20 PM,ET
813,Veeva Systems' Fiscal 2021 Fourth Quarter and Full Year Results Conference Call Listen to Webcast,https://ir.veeva.com/investors/news-and-events/events-and-presentations/default.aspx,201,Veeva Systems',NONE,Y,NONE,"Feb 01, 2020",NONE,NONE
917,08/05/2021 05:00 PM ET Livent Q2 2021 Earnings Webcast Conference Call,https://ir.livent.com/financials-and-filings/calendar-of-events/default.aspx,230,Livent,2021,Q2,NONE,"Aug 05, 2021",05:00 PM,ET
481,"October 5, 2017 Creative Realities, Inc. Presents at Virtual Investor Conference",https://investors.cri.com/webcasts-presentations,120,"Creative Realities,",NONE,NONE,NONE,"Oct 05, 2017",NONE,NONE
284,07.06.2021 | 8:00 AM EDT Iveric Bio Conference Call Listen to webcast,https://investors.ivericbio.com/events-and-presentation,69,Iveric Bio,NONE,NONE,NONE,"Jul 06, 2021",08:00 AM,EDT
1081,07/06/2021 TD Securities Virtual Energy Conference,https://investors.crc.com/events-and-presentations/,271,TD Securities,NONE,NONE,NONE,"Jul 06, 2021",NONE,NONE
784,"Third Quarter 2020 Financial Results Call Nov 5, 2020 • 5:00 pm EDT",https://investor.stamps.com/company-information/presentations,193,NONE,2020,Q3,NONE,"Nov 05, 2020",05:00 PM,EDT
226,"Thursday, July 29, 2021 10:00 AM ET Q2 Earnings Conference Call",http://investor.pebblebrookhotels.com/event,54,NONE,NONE,Q2,NONE,"Jul 29, 2021",10:00 AM,ET
27,"June 15, 2021 11:55 AM ET 	 Credit Suisse 23rd Annual Communications Conference  Webcast",https://investors.switch.com/events-and-presentations,6,Credit Suisse,NONE,Y,NONE,"Jun 15, 2021",11:55 AM,ET
1010,"Jan.11, 2021	 Everspin at the 23rd Annual Needham Virtual Growth Conference",https://investor.everspin.com/phoenix.zhtml?c=254442&p=irol-calendar,252,Everspin,NONE,Y,NONE,"Jan 11, 2021",NONE,NONE
438,"April 15, 2021 05:00 PM ET 1st Quarter 2021 Earnings Presentation & Conference Call Webcast",https://investors.alcoa.com/events-and-presentations/events-calendar/default.aspx,107,NONE,2021,Q1,NONE,"Apr 15, 2021",05:00 PM,ET
1072,"Aug 4, 2020 at 5:00 PM EDT Corcept Therapeutics Q2 2020 Earnings Conference Call",https://ir.corcept.com/events,268,Corcept Therapeutics,2020,Q2,NONE,"Aug 04, 2020",05:00 PM,EDT
365,"Mar 02, 202111:00 AM PT Morgan Stanley 2021 Technology, Media & Telecom Conference",https://investor.fb.com/investor-events/default.aspx,90,Morgan Stanley,2021,NONE,NONE,"Mar 01, 2002",NONE,PT
230,"Tuesday, February 23, 2021 Q4 Earnings Release",http://investor.pebblebrookhotels.com/event,54,NONE,NONE,Q4,NONE,"Feb 23, 2021",NONE,NONE
38,"Jun 07, 2021 11:00 AM ET Evercore ISI TMT Virtual Conference Webcast",https://investor.juniper.net/investor-relations/events/default.aspx,9,Evercore ISI,NONE,NONE,NONE,"Jun 07, 2021",11:00 AM,ET
670,"FNF 1st Quarter 2021 Earnings Conference Call May 7, 2021 at 12:00 PM EDT Listen to webcast",https://www.investor.fnf.com/news-and-events/presentations,167,FNF,2021,Q1,NONE,"May 07, 2021",12:00 PM,EDT
750,"Fourth Quarter 2020 Financial Results Conference Call MAR 4, 2021 • 8:30AM EDT  Webcast",https://ir.syros.com/presentations,186,NONE,2020,Q4,NONE,"Mar 04, 2021",08:30 AM,EDT
1084,11/12/2020 BofA Securities 2020 Global Energy Conference Webcast (opens in new window),https://investors.crc.com/events-and-presentations/,271,BofA Securities,2020,NONE,NONE,"Nov 12, 2020",NONE,NONE
375,"Thursday, May 21, 2020	 Virtual Shareholders Meeting 2020",https://www.flowersfoods.com/investors/resources/current-investor-presentation,92,NONE,2020,NONE,NONE,"May 21, 2020",NONE,NONE
470,"Wednesday, March 3, 2021  11:40am EST Cowen 41st Annual Health Care Conference",https://investor.insmed.com/events,116,Cowen,NONE,Y,NONE,"Mar 03, 2021",11:40 AM,EST
1085,"Baird 2021 Global Consumer, Technology & Services Conference June 10, 2021 03:45 PM ET Webcast",https://investor.dolby.com/event-calendar,272,NONE,2021,NONE,NONE,"Jun 10, 2021",03:45 PM,ET
688,"BIO Digital International Convention June 14, 2021",https://ir.scynexis.com/presentations,171,BIO,NONE,NONE,NONE,"Jun 14, 2021",NONE,NONE
1009,"Feb.25, 2021 5:00 PM EST	 Everspin Technologies’ Fourth Quarter and Fiscal 2020 Financial Results Conference Call",https://investor.everspin.com/phoenix.zhtml?c=254442&p=irol-calendar,252,Everspin Technologies’,2020,Q4,NONE,"Feb 25, 2021",05:00 PM,EST
1057,"Monday, April 26, 2021 06:00 PM ET Q1 Earnings Release",https://ir.ifinancial.com/event,265,NONE,NONE,Q1,NONE,"Apr 26, 2021",06:00 PM,ET
867,"AUG 11 2021 Turnaround Management Association's (TMA) SE Conference Palm Coast, FL",https://ir.brileyfin.com/overview,215,Turnaround Management Association's,NONE,NONE,NONE,"Aug 11, 2021",NONE,NONE
195,"JP Morgan 49th Annual Global Technology, Media and Communications Conference May 26, 2021 at 11:00 AM EDT Click here for webcast",https://investor.fleetcor.com/presentations?c=236217&p=irol-presentations,46,JP Morgan,NONE,Y,NONE,"May 26, 2021",11:00 AM,EDT
1014,"Wednesday, June 9, 2021 10:00 AM ET Q4 2021 Brown-Forman Corporation Earnings Conference Call Click here for webcast",https://investors.brown-forman.com/events-and-presentations,255,Brown-Forman Corporation,2021,Q4,NONE,"Jun 09, 2021",10:00 AM,ET
1024,"MAR 18, 2021 04:30 PM GMT Bank of America Global Industrials Conference WEBCAST(OPENS IN NEW WINDOW)",https://investors.tranetechnologies.com/news-and-events/events/default.aspx,257,Bank of America,NONE,NONE,NONE,"Mar 18, 2021",04:30 PM,GMT
504,"APRIL 29, 2021 04:30 PM ET First Solar's Q1 2021 Earnings Call Webcast(Opens In New Window)",https://investor.firstsolar.com/financial-events/default.aspx,128,First Solar's,2021,Q1,NONE,"Apr 29, 2021",04:30 PM,ET
1086,06/02/2021 11:20 AM CT William Blair 41st Annual Growth Stock Conference Webcast(opens in new window),https://investor.dolby.com/event-calendar,272,William Blair,NONE,Y,NONE,"Jun 02, 2021",11:20 AM,CT
985,05/25/2021 08:00 AM PT J.P. Morgan's Global Technology Media and Communications Conference WEBCAST(OPENS IN NEW WINDOW),https://cloudflare.net/events-and-presentations/default.aspx,246,J.P.,NONE,NONE,NONE,"May 25, 2021",08:00 AM,PT
580,"July 29, 2021 Q2 2021 NIELSEN HOLDINGS PLC EARNINGS CONFERENCE CALL Add to Calendar Webcast(opens in new window)",https://ir.nielsen.com/investor-relations/shareholder-information/annual-meeting/default.aspx,146,NIELSEN,2021,Q2,NONE,"Jul 29, 2021",NONE,NONE
161,"AUGUST 4, 2021 02:00 PM PT Electronic Arts Q1 2022 Earnings Conference Call Dial-in numbers: Domestic: (866) 324-3683; International: (509) 844-0959 Conference ID: 1183378",https://ir.ea.com/calendar-and-events/default.aspx,38,Electronic Arts,2022,Q1,NONE,"Aug 04, 2021",02:00 PM,PT
681,"February 25, 2021 - 10 a.m. EST / 9 a.m. CST	 2020 Fourth Quarter and Full Year Results Webcast",https://www.bp.com/en/global/bp-midstream-partners/investor-relations/events---presentations.html,170,NONE,2020,Y,NONE,"Feb 25, 2021",10:00 AM,CST
1038,"May 27, 20212021 Annual Meeting of ShareholdersWebcast (opens in new window)",https://ir.jll.com/overview/default.aspx,261,NONE,NONE,Y,NONE,"May 01, 1927",NONE,NONE
163,"NOVEMBER 3, 2021 Electronic Arts Q2 2022 Earnings Conference Call",https://ir.ea.com/calendar-and-events/default.aspx,38,Electronic Arts,2021,Q2,NONE,NONE,NONE,NONE
706,"Investor Day Nov 16, 2021 Location: New York, NY",https://investor.qualcomm.com/news-events/ir-calendar,177,NONE,NONE,NONE,NONE,"Nov 16, 2021",NONE,NONE
863,"JUL 20 2021 Aspen Aerogels, Inc. (ASPN) Virtual NDR & Management Call One-on-One Conference Call",https://ir.brileyfin.com/overview,215,"Aspen Aerogels,",NONE,NONE,NONE,"Jul 20, 2021",NONE,NONE
153,06/02/2021 1:30 PM EDT	 Hess Corporation at the Alliance Bernstein 37th Annual Strategic Decisions Conference,https://investors.hess.com/Events-and-Webcasts,35,Hess Corporation,NONE,Y,NONE,"Jun 02, 2021",01:30 PM,EDT
814,39th annual JP Morgan healthcare conference Listen to Webcast,https://ir.veeva.com/investors/news-and-events/events-and-presentations/default.aspx,201,JP Morgan,NONE,Y,NONE,NONE,NONE,NONE
834,"Second Quarter 2021 Financial Results July 28, 2021 10:00 AM ET WEBCAST(OPENS IN NEW WINDOW)",https://ir.wingstop.com/home/default.aspx,207,NONE,2021,Q2,NONE,"Jul 28, 2021",10:00 AM,ET
968,"Jun 1, 2021 at 1:30 PM EDT Jefferies Virtual Healthcare Conference Click here for webcast",https://investor.synlogictx.com/news-and-events/event-calendar,243,Jefferies,NONE,NONE,NONE,"Jun 01, 2021",01:30 PM,EDT
112,"Aug 12, 2020 at 1:30 PM EDT Canaccord Genuity’s 40th Annual Growth Conference",https://investors.itron.com/events-presentations,26,Canaccord,NONE,Y,NONE,"Aug 12, 2020",01:30 PM,EDT
227,"Friday, April 30, 2021 9:00 AM ET Q1 Earnings Conference Call",http://investor.pebblebrookhotels.com/event,54,NONE,NONE,Q1,NONE,"Apr 30, 2021",09:00 AM,ET
821,"Arthur J. Gallagher & Co. Q4 2020 Earnings Conference Call (Replay) January 28, 2021 at 05:15 PM ET Webcast",https://investor.ajg.com/event-calendar,204,Arthur J. Gallagher &,2020,Q4,NONE,"Jan 28, 2021",05:15 PM,ET
104,Cnova 2020 Full year Financial Results 18 February 2021,http://www.cnova.com/en/events-and-presentations/,25,Cnova,2020,Y,NONE,NONE,NONE,NONE
422,Cowen 41st Annual Healthcare Conference 03-03-2021 3:20 PM EST,https://ir.silverbacktx.com/,104,Cowen,NONE,Y,NONE,"Mar 03, 2021",03:20 PM,EST
420,Goldman Sachs 42nd Annual Global Healthcare Conference 06-08-2021 3:50 PM EDT,https://ir.silverbacktx.com/,104,Goldman Sachs,NONE,Y,NONE,"Jun 08, 2021",03:50 PM,EDT
894,"July 29, 2021 at 10:00 AM ET	 Q2 2021 Earnings Call",https://ir.spirit.com/resources/events-presentations/default.aspx,225,NONE,2021,Q2,NONE,"Jul 29, 2021",10:00 AM,ET
587,"10th Annual LifeSci Partners Corporate Access Event Jan 8, 2021 at 2:00 PM EST Listen to webcast",http://ir.chiasmapharma.com/events-presentations,147,LifeSci Partners,NONE,Y,NONE,"Jan 08, 2021",02:00 PM,EST
928,"05/06/21 at 8:00 AM EDT Q1 2021 Clearway Energy, Inc. Earnings Conference Call",http://investor.clearwayenergy.com/events-and-presentations/presentations,232,"Clearway Energy,",2021,Q1,NONE,"May 06, 2021",08:00 AM,EDT
673,"Stephens Annual Investment Conference Nov 18, 2020 at 4:00 PM EST Listen to webcast",https://www.investor.fnf.com/news-and-events/presentations,167,NONE,NONE,Y,NONE,"Nov 18, 2020",04:00 PM,EST
120,"Monday, January 27, 2020 Q4 Earnings Release",http://ir.berkshirebank.com/event,28,NONE,NONE,Q4,NONE,"Jan 27, 2020",NONE,NONE
54,"Introducing DecisionSpace® 365 Essentials – Well Construction Software Jul 22, 2021 | 08:30 AM CST",https://www.halliburton.com/en-US/events/default.page?node-id=hgbr8q6m,12,DecisionSpace®,NONE,NONE,NONE,"Jul 22, 2021",08:30 AM,CST
152,"06/23/2021 8:50 AM EDT	 Hess Corporation at the J.P. Morgan 2021 Energy, Power & Renewables Conference",https://investors.hess.com/Events-and-Webcasts,35,Hess Corporation,2021,NONE,NONE,"Jun 23, 2021",08:50 AM,EDT
404,"Thursday, February 11, 2021 10:00 AM ET EQC Q4 2020 Earnings Conference Call",http://ir.eqcre.com/event,98,EQC,2020,Q4,NONE,"Feb 11, 2021",10:00 AM,ET
1092,"Q2 2021 H.B. FULLER COMPANY EARNINGS CONFERENCE CALL JUNE 24, 2021 09:30 AM CT",https://investors.hbfuller.com/events-and-presentations/presentations/default.aspx,273,H.B.,2021,Q2,NONE,"Jun 24, 2021",09:30 AM,CT
208,"2021 American Society for Clinical Oncology (ASCO) Virtual Meeting Friday, Jun 4 - Tuesday, Jun 8, 2021",http://investor.lantheus.com/presentations,50,American Society for,2021,NONE,NONE,"Jun 08, 2021",NONE,NONE
659,"IN-PERSON INVESTOR CONFERENCE September 14, 2021 05:30 PM MT Salt Lake City, Utah",https://investor.campingworld.com/events-and-presentations/default.aspx,165,IN-PERSON,NONE,NONE,NONE,"Sep 14, 2021",05:30 PM,MT
1002,"January 29, 2021 at 9:00 AM EST Q4 2020 Earnings Call Listen to Webcast",https://investor.lilly.com/webcasts-and-presentations,250,NONE,2020,Q4,NONE,"Jan 29, 2021",09:00 AM,EST
908,"RBC Capital Markets Global Financial Institutions Conference  Tuesday, March 9, 2021  10:40am - 11:10am EST",https://bbt.investorroom.com/webcasts-and-presentations,227,RBC Capital Markets,NONE,NONE,NONE,"Mar 09, 2021",10:40 AM,
9,"Nov 5, 2020 4:30 pm EDT Third Quarter 2020 Earnings Conference Call",http://investors.fullhouseresorts.com/news-event/presentations,2,NONE,2020,Q3,NONE,"Nov 05, 2020",04:30 PM,EDT
957,"Q2 2021 Earnings Conference Call JUL 28, 2021 - JUL 28, 2021",https://www.wabashnational.com/events,239,NONE,2021,Q2,NONE,"Jul 28, 2021",NONE,NONE
37,"Jun 08, 2021 1:00 PM ET BofA 2021 Global Technology Conference Webcast",https://investor.juniper.net/investor-relations/events/default.aspx,9,BofA,2021,NONE,NONE,"Jun 08, 2021",01:00 PM,ET
453,"Mar 30, 2021	4th Quarter 2020 Earnings Conference Call	 Play",https://investor.graniteconstruction.com/,112,NONE,2020,Q4,NONE,"Mar 30, 2021",NONE,NONE
652,"FedEx 2020 Annual Meeting of Stockholders September 21, 2020 at 08:00 am CT",https://investors.fedex.com/news-and-events/webcasts-and-presentations/default.aspx,163,FedEx,2020,Y,NONE,"Sep 21, 2020",08:00 AM,CT
254,"Event:	Puma Biotechnology 1Q-2021 Financial Results Conference Call Type:	Conference Call Date:	May 6, 2021 Time:	1:30 p.m. PDT/4:30 p.m. EDT Webcast:	https://78449.themediaframe.com",https://www.pumabiotechnology.com/ir_events.html,61,Puma Biotechnology,NONE,NONE,NONE,"May 06, 2021",01:30 PM,EDT
304,09/24/2020 11:00 AM ET 2020 Annual Meeting of Shareholders Webcast(opens in new window),https://investor.cincinnatibell.com/events-and-presentations/default.aspx,73,NONE,2020,Y,NONE,"Sep 24, 2020",11:00 AM,ET
890,"Feb 17, 2021 at 5:00 PM EST Q4 2020 Bright Horizons Family Solutions Earnings Conference Call Click here for webcast",http://investors.brighthorizons.com/,224,Bright Horizons Family Solutions,2020,Q4,NONE,"Feb 17, 2021",05:00 PM,EST
572,"January 11, 2021 8:40 am EST	 ATNX at 39th Annual J.P. Morgan Healthcare Conference",https://ir.athenex.com/investor-calendar,144,ATNX,NONE,Y,NONE,"Jan 11, 2021",08:40 AM,EST
624,06/02/2021 William Blair's 41st Annual Growth Stock Conference,https://investors.novanta.com/presentations-and-events,156,William Blair's,NONE,Y,NONE,"Jun 02, 2021",NONE,NONE
846,"Mar 2, 2021 2:45 PM EST	 J.P. Morgan Global High Yield & Leveraged Finance Conference",http://investors.viasat.com/events.cfm,209,J.P. Morgan,NONE,NONE,NONE,"Mar 02, 2021",02:45 PM,EST
979,5.3.21 Argo Group Reports 2021 First Quarter Results,https://www.argolimited.com/investors/presentations/,245,Argo Group,2021,Q1,NONE,NONE,NONE,NONE
848,"Feb 4, 2021 1:00 PM EST	 Q3 2021 Viasat Earnings Conference Call Click here for webcast",http://investors.viasat.com/events.cfm,209,Viasat,2021,Q3,NONE,"Feb 04, 2021",01:00 PM,EST
263,"JANUARY 13 CJS Securities Conference New York, NY",https://sparton.com/press-room/,64,CJS Securities,NONE,NONE,NONE,"Jan 01, 2013",NONE,NONE
611,"Nov 06, 2020 9:00 AM EST Q3 2020 NN, Inc. Earnings Conference Call Description  Participants, Int'l Toll: +1 323-994-2093 Participants, US/CAN Toll free: 888-204-4368 Conference ID: 3591787",http://investors.nninc.com/phoenix.zhtml?c=110673&p=irol-presentations,153,"NN, Inc.",2020,Q3,NONE,"Nov 06, 2020",09:00 AM,EST
298,"May 11, 2021 at 8:30 AM EDT First Quarter 2021 Financial Results Click Here for Webcast",https://www.harmonybiosciences.com/investors/,71,NONE,2021,Q1,NONE,"May 11, 2021",08:30 AM,EDT
415,22 JUN 2021 JEFFERIES VIRTUAL CONSUMER CONFERENCE  LISTEN TO THE WEBCAST,https://irpages2.eqs.com/websites/primowater/English/3000/investor-calendar.html,101,JEFFERIES,NONE,NONE,NONE,"Jun 22, 2021",NONE,NONE
151,07/28/2021 10:00 AM EDT	 Q2 2021 Hess Corporation Earnings Conference Call,https://investors.hess.com/Events-and-Webcasts,35,Hess Corporation,2021,Q2,NONE,"Jul 28, 2021",10:00 AM,EDT
936,FirstCash Reports Fourth Quarter and Full-Year Earnings Results 21 Oct 2020 Q3 2020 Earnings Release,http://ir.firstcash.com/events-and-presentations,233,FirstCash,2020,Q3,NONE,"Oct 21, 2020",NONE,NONE
779,"Alliance Bernstein 37th Annual Strategic Decisions Conference Event June 03, 2021",https://www.ibm.com/investor/events,192,Alliance Bernstein,NONE,Y,NONE,"Jun 03, 2021",NONE,NONE
641,"Jun 23 – Jun 24, 2021 Sidoti & Company Virtual Investor Conference",http://www.purecyclewater.com/investors/,161,Sidoti & Company,NONE,NONE,NONE,"Jun 24, 2021",NONE,NONE
1037,"Columbia Sportswear 3rd Quarter 2020 Earnings Release Conference Call Oct 29, 2020 • 5:00 pm EDT Earnings ReleasePDFHTML AUDIOEarnings Webcast CFO Commentary and Financial Review",http://investor.columbia.com/events,260,Columbia Sportswear,2020,Q3,NONE,"Oct 29, 2020",05:00 PM,EDT
551,"Q4 2021 The Allstate Corporation Earnings Conference Call (tentative) Feb 3, 2022 at 9:00 AM EST",https://www.allstateinvestors.com/events-and-presentations/calendar,138,The Allstate Corporation,2021,Q4,NONE,"Feb 03, 2022",09:00 AM,EST
939,"LD Micro Invitational XI Conference JUN 9, 2021 • 10:00AM EDT   Webcast",https://ir.limbachinc.com/ir-calendar,234,LD Micro,NONE,NONE,NONE,"Jun 09, 2021",10:00 AM,EDT
489,"2Q 2021 Continental Resources, Inc. Earnings Conference Call  Tuesday, August 3, 2021  11:00am - 12:00pm CDT",https://investors.clr.com/index.php,123,"Continental Resources, Inc.",2021,Q2,NONE,"Aug 03, 2021",11:00 AM,CDT
820,"Investor Meeting with the Executive Management Team (Replay) March 17, 2021 at 08:00 AM CT Webcast",https://investor.ajg.com/event-calendar,204,NONE,NONE,NONE,NONE,"Mar 17, 2021",08:00 AM,CT
711,"May 13, 2021 Q4 2021 Haemonetics Corporation Earnings Conference Call",https://haemonetics.gcs-web.com/events-presentations,178,Haemonetics Corporation,2021,Q4,NONE,"May 13, 2021",NONE,NONE
148,"Tuesday, July 28, 2020  4:15pm - 5:15pm EDT  Listen to the Webcast Zynex Q2 2020 Earnings Call",http://zynexmed.investorroom.com/presentations-events-and-webcasts,34,Zynex,2020,Q2,NONE,"Jul 28, 2020",04:15 PM,EDT
147,"Tuesday, October 27, 2020  4:15pm - 5:15pm EDT  Listen to the Webcast Zynex Q3 2020 Earnings Call",http://zynexmed.investorroom.com/presentations-events-and-webcasts,34,Zynex,2020,Q3,NONE,"Oct 27, 2020",04:15 PM,EDT
860,"TUESDAY • JUN 1, 2021 8:00 AM EDT Quotient Limited to Report Fourth Quarter and Full Year 2021 Financial Results and Host Conference Call Listen to webcast",https://quotientbd.com/media/events-and-presentations,213,Quotient Limited,2021,Y,NONE,"Jun 01, 2021",08:00 AM,EDT
346,"Friday, April 30, 2021 9:00 AM ET Q1 Earnings Conference Call",http://investor.pebblebrookhotels.com/Webcasts/Index?keyGenPage=438344,86,NONE,NONE,Q1,NONE,"Apr 30, 2021",09:00 AM,ET
882,"Q4 2020 Capstar Financial Holdings Inc Earnings Conference Call Friday, January 29, 2021 10:00 am EST Webcast",https://ir.capstarbank.com/events-and-presentations/upcoming-events,221,Capstar Financial Holdings Inc,2020,Q4,NONE,"Jan 29, 2021",10:00 AM,EST
1033,"Columbia Sportswear 2nd Quarter 2021 Earnings Release Conference Call Aug 2, 2021 • 5:00 pm EDT To listen to the conference call, please dial 877-407-9205.  AUDIOWebcast",http://investor.columbia.com/events,260,Columbia Sportswear,2021,Q2,NONE,"Aug 02, 2021",05:00 PM,EDT
660,"September 15, 2021 09:00 AM MT Preview of First Electric World Location Salt Lake City, Utah",https://investor.campingworld.com/events-and-presentations/default.aspx,165,NONE,NONE,NONE,NONE,"Sep 15, 2021",09:00 AM,MT
771,"Monday, August 9, 2021  Add to Calendar  Set Email Reminder 10th Annual Needham Virtual Industrial Technologies Conference",https://bench.investorroom.com/Investor-Events,191,Needham,NONE,Y,NONE,"Aug 09, 2021",NONE,NONE
349,"Friday, July 31, 2020 9:00 AM ET Q2 Earnings Conference Call",http://investor.pebblebrookhotels.com/Webcasts/Index?keyGenPage=438344,86,NONE,NONE,Q2,NONE,"Jul 31, 2020",09:00 AM,ET
464,"Tuesday, August 4, 2020  1:30pm - 2:30pm PDT  Listen to the Webcast Red Rock Resorts 2Q20 Earnings Call",http://redrockresorts.investorroom.com/events,114,Red Rock Resorts,NONE,NONE,NONE,"Aug 04, 2020",01:30 PM,PDT
326,"Thursday, February 18, 2021 11:00 AM ET FOURTH QUARTER 2020 FINANCIAL RESULTS CONFERENCE CALL",https://investors.fcpt.com/overview/default.aspx,78,NONE,2020,Q4,NONE,"Feb 18, 2021",11:00 AM,ET
187,"Q4 2020 Aon plc Earnings Conference Call February 5, 2021 07:30 AM CST",https://ir.aon.com/about-aon/investor-relations/events-and-presentations/calendar-of-events/default.aspx,44,Aon plc,2020,Q4,NONE,"Feb 05, 2021",07:30 AM,CST
124,1/11/2021ICR 2021 Conference Webcast,http://ir.whitestonereit.com/Presentations,29,1/11/2021ICR,2021,NONE,NONE,"Jan 11, 2021",NONE,NONE
1013,"Thursday, July 22, 2021 09:30 AM ET Brown-Forman Corporation's Virtual Shareholder Meeting Click here for webcast",https://investors.brown-forman.com/events-and-presentations,255,Brown-Forman Corporation's,NONE,NONE,NONE,"Jul 22, 2021",09:30 AM,ET
609,"Apr 07, 2021 9:00 AM through Apr 07, 2021 10:00 AM EDT	 NN, Inc. Investor Update Description  Participants, Int'l: 1-412-317-6789 Participants, Toll free: 877-317-6789 Conference ID: 10153945",http://investors.nninc.com/phoenix.zhtml?c=110673&p=irol-presentations,153,"NN, Inc.",NONE,NONE,NONE,"Apr 07, 2021",09:00 AM,EDT
144,"Oasis Midstream's 1Q 2020 Earnings Call May 18, 2020 11:00am - 12:00pm CDT",https://oasismidstream.investorroom.com/events-presentations,33,Oasis Midstream's,2020,Q1,NONE,"May 18, 2020",11:00 AM,CDT
752,"May 4, 2021 9:00 AM EDT	 Diamondback Energy First Quarter 2021 Earnings View Webcast",https://www.diamondbackenergy.com/investors/events-presentations,187,Diamondback Energy,2021,Q1,NONE,"May 04, 2021",09:00 AM,EDT
1079,"March 10, 2021	 BofA Securities Consumer & Retail Technology Conference",https://www.snapon.com/EN/Investors/Financial-Information/Quarterly-Earnings,270,BofA Securities,NONE,NONE,NONE,"Mar 10, 2021",NONE,NONE
198,"Evercore ISI Payments & Fintech Innovators Forum Mar 4, 2021 at 9:30 AM EST Click here for webcast",https://investor.fleetcor.com/presentations?c=236217&p=irol-presentations,46,Evercore ISI,NONE,NONE,NONE,"Mar 04, 2021",09:30 AM,EST
610,"Mar 12, 2021 9:00 AM EST Q4 2020 NN, Inc. Earnings Conference Call Description  Participants, Int'l Toll: +1 412-317-6789 Participants, US/CAN Toll free: 877-317-6789 Conference ID: 10152502",http://investors.nninc.com/phoenix.zhtml?c=110673&p=irol-presentations,153,"NN, Inc.",2020,Q4,NONE,"Mar 12, 2021",09:00 AM,EST
837,"Third Quarter 2020 Financial Results November 2, 2020 10:00 AM EST WEBCAST(OPENS IN NEW WINDOW)",https://ir.wingstop.com/home/default.aspx,207,NONE,2020,Q3,NONE,"Nov 02, 2020",10:00 AM,EST
280,"JUNE 23, 2021 J.P. Morgan Energy, Power & Renewables Conference (Virtual) View the Webcast",https://www.royalgold.com/investors/events-presentations/,68,J.P. Morgan,NONE,NONE,NONE,"Jun 23, 2021",NONE,NONE
294,"Jun 21, 2021 at 3:20 PM EDT Raymond James Human Health Innovation Conference Fireside Chat",https://www.harmonybiosciences.com/investors/,71,Raymond James,NONE,NONE,NONE,"Jun 21, 2021",03:20 PM,EDT
986,05/06/2021 02:00 PM PT Cloudflare Q1 2021 Earnings Call,https://cloudflare.net/events-and-presentations/default.aspx,246,Cloudflare,2021,Q1,NONE,"May 06, 2021",02:00 PM,PT
401,"Thursday, July 29, 2021 10:00 AM ET EQC Q2 2021 Earnings Conference Call",http://ir.eqcre.com/event,98,EQC,2021,Q2,NONE,"Jul 29, 2021",10:00 AM,ET
123,"Thursday, July 30, 2020 10:00 AM ET Q2 Earnings Conference Call",http://ir.berkshirebank.com/event,28,NONE,NONE,Q2,NONE,"Jul 30, 2020",10:00 AM,ET
184,"Q2 2021 Aon plc Earnings Conference Call July 30, 2021 07:30 AM CST",https://ir.aon.com/about-aon/investor-relations/events-and-presentations/calendar-of-events/default.aspx,44,Aon plc,2021,Q2,NONE,"Jul 30, 2021",07:30 AM,CST
203,"May 06, 2021 4:30 PM EDT	 Iovance Biotherapeutics First Quarter 2021 Earnings Conference Call",https://ir.iovance.com/investor-calendar,48,Iovance,2021,Q1,NONE,"May 06, 2021",04:30 PM,EDT
439,"May 24, 2021	 Q1 2021 Conference Call 4:30 PM ET (1:30 PM PT)",http://ir.musclepharmcorp.com/MSLP/events/2181,108,NONE,2021,Q1,NONE,"May 24, 2021",04:30 PM,PT
836,"Fourth Quarter 2020 Financial Results February 17, 2021 10:00 AM ET WEBCAST(OPENS IN NEW WINDOW)",https://ir.wingstop.com/home/default.aspx,207,NONE,2020,Q4,NONE,"Feb 17, 2021",10:00 AM,ET
247,"Nov 4, 2020 at 10:30 AM EST Avista Corporation Q3 2020 Earnings Conference Call Click here for webcast",https://investor.avistacorp.com/events-and-presentations,59,Avista Corporation,2020,Q3,NONE,"Nov 04, 2020",10:30 AM,EST
416,03 JUN 2021 2021 RBC CAPITAL MARKETS GLOBAL CONSUMER AND RETAIL CONFERENCE  LISTEN TO THE WEBCAST,https://irpages2.eqs.com/websites/primowater/English/3000/investor-calendar.html,101,RBC,NONE,NONE,NONE,"Jun 03, 2021",NONE,NONE
924,"Nov 4, 2020 4:30 PM EST	 MercadoLibre Q3'20 Earnings Call Listen to Webcast",http://investor.mercadolibre.com/events-and-presentations/events,231,MercadoLibre,NONE,NONE,NONE,"Nov 04, 2020",04:30 PM,EST
911,"May 06, 2021 Q1 2021 Financial Results Call",https://ir.eigerbio.com/events-presentations,228,NONE,2021,Q1,NONE,"May 06, 2021",NONE,NONE
1047,"Thursday, February 20, 2020  4:30pm EST  Listen to the Webcast TrueCar Fourth Quarter 2019 Conference Call",https://ir.true.com/events-presentations,262,TrueCar,2019,Q4,NONE,"Feb 20, 2020",04:30 PM,EST
915,"First Quarter 2021 Earnings Call MAY 17, 2021 AT 5:00 PM EDT Listen to Webcast",https://ir.motorsportgames.com/news-and-events/events,229,NONE,2021,Q1,NONE,"May 17, 2021",05:00 PM,EDT
53,"Structural and Stratigraphic Controls of Well Placement in a Highly Compartmentalized Basin: A Collaborative Well Planning Story Jul 15, 2021 | 08:30 AM CST",https://www.halliburton.com/en-US/events/default.page?node-id=hgbr8q6m,12,NONE,NONE,NONE,NONE,"Jul 15, 2021",08:30 AM,CST
130,"Friday, January 29, 2021  8:30pm CST BBVA USA Bancshares, Inc. 4Q20 Earnings Release",https://bbvausa.investorroom.com/events,30,BBVA USA,NONE,NONE,NONE,"Jan 29, 2021",08:30 PM,CST
638,"March 10, 2021 4:30 PM EST	 Protagonist Therapeutics Fourth Quarter and Year-end Financial Results Click here for the webcast",http://investors.protagonist-inc.com/events,159,Protagonist Therapeutics,NONE,Q4,NONE,"Mar 10, 2021",04:30 PM,EST
403,"Thursday, March 11, 2021 08:15 AM ET 2021 Citi Global Property CEO Conference",http://ir.eqcre.com/event,98,Citi Global Property,2021,NONE,NONE,"Mar 11, 2021",08:15 AM,NONE
932,21 Jul 2021 Q2 2021 Earnings Release,http://ir.firstcash.com/events-and-presentations,233,NONE,2021,Q2,NONE,"Jul 21, 2021",NONE,NONE
918,05/13/2021 01:50 PM ET 2021 Goldman Sachs Industrials & Materials Conference Webcast,https://ir.livent.com/financials-and-filings/calendar-of-events/default.aspx,230,Goldman Sachs,2021,NONE,NONE,"May 13, 2021",01:50 PM,ET
736,"Nov 6, 2020 Third Quarter 2020 Financial Results",https://investor.mylan.com/events-presentations,184,NONE,2020,Q3,NONE,"Nov 06, 2020",NONE,NONE
855,"July 29, 2021 Power Integrations Second-Quarter Earnings Call",https://investors.power.com/investors/events-and-presentations/default.aspx,212,Power Integrations,NONE,NONE,NONE,"Jul 29, 2021",NONE,NONE
1050,"February 18, 2021  Q4 2020 Earnings Conference Call Listen to Webcast",https://www.sunocolp.com/investors/,264,NONE,2020,Q4,NONE,"Feb 18, 2021",NONE,NONE
220,"ITMA Asia National Exhibition Convention Centre (NECC) Shanghai, China June 12-16, 2021",https://ir.efi.com/events-presentations,52,ITMA,NONE,NONE,NONE,"Jun 12, 2016",NONE,NONE
642,"Apr 13, 2021 4:30 pm EDT Q2 2021 Financial Results Conference Call",http://www.purecyclewater.com/investors/,161,NONE,2021,Q2,NONE,"Apr 13, 2021",04:30 PM,EDT
2,"Q1 2021 Astronics Earnings Conference Call May 6, 2021 • 11:00am EDT",https://investors.astronics.com/news-events/ir-calendar,1,Astronics,2021,Q1,NONE,"May 06, 2021",11:00 AM,EDT
896,"March 15, 2021 at 02:00 PM ET	 J.P. Morgan Industrials Conference  listen to webcast",https://ir.spirit.com/resources/events-presentations/default.aspx,225,J.P. Morgan,NONE,NONE,NONE,"Mar 15, 2021",02:00 PM,ET
955,"Tuesday, July 31, 2018   08:00 AM   ET OneMain Holdings Second Quarter 2018 Conference Call",https://investor.onemainfinancial.com/event/event-calendar/default.aspx,238,OneMain Holdings,2018,Q2,NONE,"Jul 31, 2018",08:00 AM,ET
81,"Jul 22, 2021 at 2:15 PM EDT Brian Sullivan, Principal Scientist, Vaccines & Immunology, will present at the Cell-Mediated Therapies for Infectious Disease Summit",http://ir.arcturusrx.com/investor-calendar,19,NONE,NONE,NONE,NONE,"Jul 22, 2021",02:15 PM,EDT
625,"05/11/2021 10:00 AM ET Novanta, Inc. 2021 Q1 Earnings Call",https://investors.novanta.com/presentations-and-events,156,"Novanta, Inc.",2021,Q1,NONE,"May 11, 2021",10:00 AM,ET
994,"Jun 8, 2021 4:30 PM EDT	 Limoneira – Second Quarter 2021 Earnings Call View Webcast",https://investor.limoneira.com/events-presentations,249,Limoneira,2021,Q2,NONE,"Jun 08, 2021",04:30 PM,EDT
906,"Barclays Americas Select Franchise Conference 2021  Tuesday, May 18, 2021  7:00am - 7:45am EDT",https://bbt.investorroom.com/webcasts-and-presentations,227,NONE,2021,NONE,NONE,"May 18, 2021",07:00 AM,
387,"July 22, 2021 04:30 PM EST Del Taco Restaurants 2Q21 Earnings Call",http://investor.deltaco.com/news-and-events/events-and-presentations/default.aspx,95,Del Taco Restaurants,NONE,NONE,NONE,"Jul 22, 2021",04:30 PM,EST
1088,05/04/2021 02:00 PM PDT Second Quarter Fiscal Year 2021 Financial Results Conference Call Webcast(opens in new window),https://investor.dolby.com/event-calendar,272,NONE,2021,Q2,NONE,"May 04, 2021",02:00 PM,NONE
807,06/08/21 9:20 AM EDT	 Blackbaud Presents at Stifel’s Cross Sector Insights Conference,http://phx.corporate-ir.net/phoenix.zhtml?c=176673&p=irol-calendar,198,Blackbaud,NONE,NONE,NONE,"Jun 08, 2021",09:20 AM,EDT
510,"Events and Presentations Upcoming EventsPast Events Past Events DURECT to present at the International Liver Conference 2021 (EASL) Jun 23, 2021",https://investors.durect.com/event-calendar/past-events,129,DURECT,2021,NONE,NONE,"Jun 23, 2021",NONE,NONE
268,"JUNE 2, 2021 William Blair Conference 2021 Webcast Webcast(opens in new window)",https://investor.bootbarn.com/events-and-presentations/default.aspx,65,William Blair,2021,NONE,NONE,"Jun 02, 2021",NONE,NONE
970,"Mar 25, 2021 at 8:30 AM EDT Synlogic, Inc. Fourth Quarter and Full Year 2020 Financial Results Conference Call Click here for webcast",https://investor.synlogictx.com/news-and-events/event-calendar,243,"Synlogic,",2020,Y,NONE,"Mar 25, 2021",08:30 AM,EDT
