id,Event_Text,url,url_id
1,"Jul 23, 2021 at 9:00 AM CDT Second Quarter 2021 Earnings",https://investor.kimberly-clark.com/events-and-presentations/events,4
2,"Oct 25, 2021 at 9:00 AM CDT Third Quarter 2021 Earnings",https://investor.kimberly-clark.com/events-and-presentations/events,4
3,"Jun 3, 2021 at 10:00 AM CDT Bernstein’s 2021 Strategic Decisions Conference Click here for webcast Printable Slides",https://investor.kimberly-clark.com/events-and-presentations/events,4
4,"Apr 29, 2021 at 9:00 AM CDT 2021 Annual Meeting of Stockholders Click here for live webcast of Annual Meeting\nEvent Password: KMB2021 Inspection of Stockholder List",https://investor.kimberly-clark.com/events-and-presentations/events,4
5,"Apr 23, 2021 at 9:00 AM CDT First Quarter 2021 Earnings Click here for webcast KMB 1Q 2021 Earnings Press Release KMB 1Q 2021 Prepared Management Remarks",https://investor.kimberly-clark.com/events-and-presentations/events,4
6,"June 15, 2021 11:55 AM ET Credit Suisse 23rd Annual Communications Conference",https://investors.switch.com/events-and-presentations,6
7,"June 09, 2021 3:20 PM ET   Stifel 2021 Cross Sector Insight Conference  ",https://investors.switch.com/events-and-presentations,6
8,"June 02, 2021 3:50 PM ET   Cowen 49th Annual Technology, Media & Telecom Conference  ",https://investors.switch.com/events-and-presentations,6
9,"June 01, 2021 3:00 PM ET   William Blair 41st Annual Growth Stock Conference  ",https://investors.switch.com/events-and-presentations,6
10,"May 25, 2021     RBC Capital Markets Global Datacenter, Cloud and Broadband Infrastructure Conference  ",https://investors.switch.com/events-and-presentations,6
11,06.23.21 10:20 AM EDT Jefferies Virtual Consumer Conference Presentation Supporting Materials Jefferies Virtual Consumer Conference Presentation,https://investors.guess.com/events-and-presentations/upcoming-events,42
12,"June 29, 2021 4:30 PM EDT Iovance Biotherapeutics Update Call",https://ir.iovance.com/investor-calendar,48
13,"June 17, 2021 2:00 PM EDT JMP Securities Life Sciences Conference",https://ir.iovance.com/investor-calendar,48
14,"June 06, 2021 12:00 PM EDT ASCO Update Call",https://ir.iovance.com/investor-calendar,48
15,"Thursday, July 29, 2021 10:00 AM ET EQC Q2 2021 Earnings Conference Call",http://ir.eqcre.com/event,98
16,"May 24, 2021 Martin Marietta Announces Acquisition of Lehigh Hanson’s West Region Business MLM Acquisition Announcement MLM Acquisition Supplemental Information",https://ir.martinmarietta.com/events-presentations,122
17,"May 04, 2021 11:00 AM EDT Martin Marietta Q1 2021 Earnings Conference Call Click here for webcast MLM Q1 2021 Earnings Release MLM Q1 2021 Supplemental Information",https://ir.martinmarietta.com/events-presentations,122
18,"Feb 25, 2021 10:30 AM EST Martin Marietta Investor Day Click here for replay 2021 Investor Day Presentation Investor Day FAQs",https://ir.martinmarietta.com/events-presentations,122
19,"Feb 09, 2021 11:00 AM EST Martin Marietta Q4 and Full Year 2020 Earnings Conference Call Click here for webcast MLM Q4 2020 Earnings Release MLM Q4 2020 Supplemental Information",https://ir.martinmarietta.com/events-presentations,122
20,"May 5, 2021Turtle Beach Investor Presentation – May 2021",https://corp.turtlebeach.com/events-presentations/,164
21,"May 5, 2021 at 05:00 PM EDT Turtle Beach First Quarter 2021 Conference Call  Listen to Webcast Supporting Materials  Q1 Earnings Presentation",https://corp.turtlebeach.com/events-presentations/,164
22,"Mar 4, 2021 at 05:00 PM EST Turtle Beach Fourth Quarter and Full Year 2020 Conference Call  Listen to Webcast Supporting Materials  Q4 Earnings Presentation",https://corp.turtlebeach.com/events-presentations/,164
23,"Nov 5, 2020 at 05:00 PM EST Turtle Beach Third Quarter 2020 Conference Call  Listen to Webcast Supporting Materials  Q3 Earnings Presentation",https://corp.turtlebeach.com/events-presentations/,164
24,"Sep 10, 2020 at 09:30 AM PDT 9th Annual Gateway Conference  Listen to Webcast",https://corp.turtlebeach.com/events-presentations/,164
25,"May 13, 2021 Q4 2021 Haemonetics Corporation Earnings Conference Call",https://haemonetics.gcs-web.com/events-presentations,178
26,"Mar 16, 2021 Morgan Stanley Corporate Access Day Investor Presentation",https://haemonetics.gcs-web.com/events-presentations,178
27,"Stifel 2021 Virtual Cross Sector Insight Conference JUNE 10, 2021 AT 12:40 PM EDT",https://ir.motorsportgames.com/news-and-events/events,229
28,"First Quarter 2021 Earnings Call MAY 17, 2021 AT 5:00 PM EDT",https://ir.motorsportgames.com/news-and-events/events,229
29,"Fourth Quarter and Full Year 2020 Earnings Call MARCH 24, 2021 AT 5:00 PM EDT",https://ir.motorsportgames.com/news-and-events/events,229
30,05.11.2021 3:30 PM EDT Bank of America Securities 2021 Healthcare Conference,https://ir.shockwavemedical.com/news-events/investor-calendar,248
31,"05.10.2021 1:30 PM PDT Shockwave Medical, Inc. Q1 2021 Earnings Conference Call",https://ir.shockwavemedical.com/news-events/investor-calendar,248
32,03.30.2021 10:00 AM PDT Wells Fargo CEO Spotlight Call,https://ir.shockwavemedical.com/news-events/investor-calendar,248
33,"02.17.2021 1:30 PM PST Shockwave Medical, Inc. Q4 2020 Earnings Conference Call",https://ir.shockwavemedical.com/news-events/investor-calendar,248
34,12.02.2020 8:30 AM EST Piper Sandler 32nd Annual Virtual Healthcare Conference,https://ir.shockwavemedical.com/news-events/investor-calendar,248
35,"May 6, 2021 at 5:00 PM EDT Corcept Therapeutics Q1 2021 Earnings Conference Call",https://ir.corcept.com/events,268
36,"Feb 8, 2021 at 5:00 PM EST Corcept Therapeutics Q4 2020 Earnings Conference Call",https://ir.corcept.com/events,268
37,"Nov 3, 2020 at 5:00 PM EST Corcept Therapeutics Q3 2020 Earnings Conference Call",https://ir.corcept.com/events,268
38,"Aug 4, 2020 at 5:00 PM EDT Corcept Therapeutics Q2 2020 Earnings Conference Call",https://ir.corcept.com/events,268
39,"Jun 2 - Jun 4, 2020 Jefferies Virtual Healthcare Conference",https://ir.corcept.com/events,268
40,"June 30, 2021 PROS to Help Drive Hawaiian Airlines’ Revenue Growth Strategy",https://ir.pros.com/news-and-events/default.aspx,341
41,"June 2, 2021 PROS Announces Virtual Investment Conference Schedule for June 2021",https://ir.pros.com/news-and-events/default.aspx,341
42,"June 1, 2021 PROS Holdings, Inc. Announces Appointment of Leland T. Jourdan to Board of Directors",https://ir.pros.com/news-and-events/default.aspx,341
43,"May 18, 2021 PROS and Diggintravel Redefine the End-to-End Travel Experience",https://ir.pros.com/news-and-events/default.aspx,341
44,"May 11, 2021 PROS Announces Virtual Investment Conference Schedule for May 2021",https://ir.pros.com/news-and-events/default.aspx,341
45,"2019 Q3 Financial Results Conference Call Presentation November 6, 2019",https://investors.rrts.com/events-and-presentations,354
46,"2019 Q2 Financial Results Conference Call Presentation August 7, 2019",https://investors.rrts.com/events-and-presentations,354
47,5/5/2021Q1 2021 Investor Presentation,http://ir.firstbusiness.com/Presentations,378
48,4/30/20212021 Annual Shareholder Meeting Audio and Presentation,http://ir.firstbusiness.com/Presentations,378
49,2/3/2021Q4 2020 Investor Presentation,http://ir.firstbusiness.com/Presentations,378
50,11/4/2020Q3 2020 Investor Presentation,http://ir.firstbusiness.com/Presentations,378
51,"First Quarter 2021 Financial Results May 6, 2021 9:30am ET",http://safebulkers.com/invest_events.htm,418
52,"Q2 2021 Occidental Earnings Conference Call Wednesday, August 4, 2021 1:00 p.m. EST",https://www.oxy.com/investors/Pages/default.aspx,448
53,"Jul 22, 2021  10:00 am CDT   BancorpSouth Q2 2021 Earnings Conference Call and Webcast",http://bancorpsouth.investorroom.com/webcasts,449
54,"Apr 22, 2021 BancorpSouth Q1 2021 Earnings Conference Call and Webcast",http://bancorpsouth.investorroom.com/webcasts,449
55,"Apr 12, 2021 BancorpSouth - Cadence Merger Conference Call",http://bancorpsouth.investorroom.com/webcasts,449
56,"2021 Annual Meeting of Stockholders JUN 9, 2021 • 8:30AM CDT",https://ir.tellurianinc.com/ir-calendar,475
57,"Citi 2021 Global Energy and Utilities Virtual Conference MAY 12, 2021 • 12:50PM EDT",https://ir.tellurianinc.com/ir-calendar,475
58,"J.P. Morgan 2020 Energy, Power & Renewables Conference JUN 16, 2020 • 3:40PM EDT",https://ir.tellurianinc.com/ir-calendar,475
59,"2020 Annual Meeting of Stockholders JUN 10, 2020 • 8:30AM CDT",https://ir.tellurianinc.com/ir-calendar,475
60,"2019 Annual Meeting of Stockholders JUN 5, 2019 • 8:30AM CDT",https://ir.tellurianinc.com/ir-calendar,475
