Link,Type (Single vs. List),Event_name,Fiscal_Year,Fiscal_Period,Event_Type,Event_Date,Time,Timezone,Company,Language,PDF_link,"Additonal (webcast link, phone number)","ect(multiples companies, no data, etc)"
https://investors.astronics.com/news-events/ir-calendar,list,Yes,Yes,Yes,Yes,Yes,Yes,Yes,Yes,No,Yes,webcast&phone number,
http://investors.fullhouseresorts.com/news-event/presentations,list,Yes,Yes,Yes,Yes,Yes,No,No,No,No,Yes,,
https://www.aboutstay.com/news-releases/events,list,Yes,Yes,Yes,Yes,Yes,Yes,Yes,No,No,No,webcast,
https://investor.kimberly-clark.com/events-and-presentations/events,list,Yes,Yes,Yes,Yes,Yes,Yes,Yes,Yes,No,Yes,webcast,
https://ir.sutrobio.com/news-events,list,Yes,No,No,Yes,Yes,Yes,Yes,Yes,No,No,webcast,
https://investors.switch.com/events-and-presentations,list,Yes,Yes,Yes,Yes,Yes,Yes,Yes,Yes,No,No,webcast,
"https://ir.stockpr.com/infusystem/ir-calendar?InfuSystem%20Holdings,%20Inc.%20Third%20Quarter%202019%20Financial%20Results%20Conference%20CallNovember%2013,%202019%20%E2%80%A2%209:00%20am%20ET",list,Yes,Yes,Yes,Yes,Yes,Yes,Yes,Yes,No,No,webcast,
http://ir.shutterfly.com/investor-relations,list,Yes,Yes,Yes,Yes,Yes,No,No,Yes,No,No,webcast,
https://investor.juniper.net/investor-relations/events/default.aspx,list,Yes,Yes,Yes,Yes,Yes,Yes,Yes,Yes,No,No,webcast,
https://www.ceragon.com/investors/webcasts,list,Yes,Yes,Yes,Yes,Yes,Yes,Yes,No,No,No,webcast,
https://www.tonixpharma.com/news-events/investor-presentations,list,Yes,No,Yes,Yes,Yes,Yes,Yes,Yes,No,No,webcast,
https://www.halliburton.com/en-US/events/default.page?node-id=hgbr8q6m,SKIPPED(404),,,,,,,,,,,,
https://waterscorporation.gcs-web.com/events-and-presentations,SKIPPED(404),,,,,,,,,,,,
https://thepncfinancialservicesgroupinc.gcs-web.com/events-and-presentations,list,Yes,Yes,Yes,Yes,Yes,Yes,Yes,Yes,No,Yes,,
https://investors.angiodynamics.com/events.cfm,list,Yes,Yes,Yes,Yes,Yes,Yes,Yes,Yes,No,Yes,webcast,
https://ir.biminicapital.com/events-and-presentations/default.aspx,single,Yes,Yes,Yes,Yes,Yes,Yes,Yes,Yes,No,No,webcast,
https://investors.clr.com/event-calendar,list,Yes,Yes,Yes,Yes,Yes,Yes,Yes,Yes,No,No,webcast,
https://www.elcompanies.com/en/investors/events-and-presentations,list,Yes,Yes,Yes,Yes,Yes,Yes,Yes,No,No,No,,
http://ir.arcturusrx.com/investor-calendar,list,Yes,Yes,Yes,Yes,Yes,Yes,Yes,Yes,No,No,,
https://www.stephens.com/institutional-equities-and-research/research/events/,list,Yes,No,No,Yes,Yes,No,No,Yes,No,No,,
http://ir.pdf.com/webcasts,list,Yes,No,Yes,Yes,Yes,Yes,Yes,Yes,No,No,Yes,
https://ir.celgene.com/feed/Event.svc/GetEventList?apiKey=BF185719B0464B3CB809D23926182246&eventSelection=0&eventDateFilter=0&includeFinancialReports=true&includePresentations=true&includePressReleases=true&sortOperator=1&pageSize=-1&pageNumber=0&tagList=&includeTags=true&year=-1&excludeSelection=1,SKIPPED,,,,,,,,,,,,
https://www.transcat.com/investor-relations/earnings-releases/,list,Yes,Yes,Yes,Yes,Yes,No,No,Yes,No,Yes,Yes,
https://ir.collegiumpharma.com/events-and-presentations/event-calendar,list,Yes,Yes,Yes,Yes,Yes,Yes,Yes,Yes,No,No,Yes,
http://www.cnova.com/en/events-and-presentations/,list,Yes,Yes,Yes,Yes,Yes,Yes,Yes,Yes,No,Yes,Yes,
https://investors.itron.com/events-presentations,list,Yes,Yes,Yes,Yes,Yes,Yes,Yes,Yes,No,Yes,Yes,
https://www.eplus.com/investors,single,Yes,Yes,No,Yes,Yes,Yes,Yes,Yes,No,No,Yes,
http://ir.berkshirebank.com/event,list,Yes,No,Some,Yes,Yes,Yes,Yes,Yes,No,No,Yes,
http://ir.whitestonereit.com/Presentations,list,Yes,Yes,Yes,No,Yes,No,No,Yes,No,Yes,No,
https://bbvausa.investorroom.com/events,list,Yes,Yes,Yes,Yes,Yes,Yes,Yes,Yes,No,No,No,
https://investor.brightview.com/events-and-presentations/events-calendar/default.aspx,list,Yes,Yes,Yes,Yes,Yes,Yes,Yes,Yes,No,Yes,Yes,
https://arcb.com/investor-relations/investor-calendar,list,Yes,Yes,Yes,Yes,Yes,No,No,Yes,No,No,No,
https://oasismidstream.investorroom.com/events-presentations,list,Yes,Yes,Yes,Yes,Yes,Yes,Yes,Yes,No,No,Yes,
http://zynexmed.investorroom.com/presentations-events-and-webcasts,list,yes,yes,yes,yes,yes,yes,yes,yes,No,No,webcast,
https://investors.hess.com/Events-and-Webcasts,list,Yes,Yes,Yes,Yes,Yes,Yes,Yes,Yes,No,Yes,No,
http://cel-sci.com/corporate-presentations/,SKIPPED,,,,,,,,,,,,
https://bernstein.dealogic.com/clientportal/Conferences/Conference?SelectedTab=10,SKIPPED,,,,,,,,,,,,
https://ir.ea.com/calendar-and-events/default.aspx,list,yes,yes,yes,yes,yes,only past events,yes,yes,no,no,phone,
http://ir.yourstatebank.com/Presentations,list,yes,yes,yes,yes,yes,no,no,yes,no,yes,,
https://ir.themeetgroup.com/press-releases/default.aspx,list,yes,some,some,yes,yes,yes,yes,yes,no,no,none,
https://www.selective.com/investors/reports-earnings-and-presentations/presentations,list/ only pdfs,yes,no,yes,yes,no,no,no,no,no,yes,,
https://investors.guess.com/events-and-presentations/upcoming-events,list/table,yes,yes,yes,yes,yes,yes,yes,yes,no,no,webcast,
https://www.cowen.com/capabilities/conferences-events/,list,yes,no,no,yes,yes,yes,yes, no,no,no,webcast,
https://ir.aon.com/about-aon/investor-relations/events-and-presentations/calendar-of-events/default.aspx,list,yes,yes,yes,yes,yes,yes,yes,yes ,no,no,webcast,
https://investors.varian.com/presentations,list,yes,yes,yes,yes,yes,yes,yes,yes,no,both,webcast,
https://investor.fleetcor.com/presentations?c=236217&p=irol-presentations,all pdfs,,,,,,,,,,yes,,
http://www.coremt.com/investor-relations/investor-presentation/,list,yes,yes, no,yes,yes,yes,yes,yes,no,no,no,
https://ir.iovance.com/investor-calendar,list,yes,yes,yes,yes,yes,yes,yes,yes,no,both,webcast,multiple companies
https://misonix.gcs-web.com/,list,yes,some,some,yes,yes,yes,yes,yes,no,no,webcast,
https://investor.lantheus.com/index.php/calendar-of-events/past-events,list,yes,yes,yes,yes,yes,yes,yes,yes,no,no,webcast,
https://investors.adaptivebiotech.com/news-events/events,list,yes,yes,yes,yes,yes,yes,yes,yes,no,no,webcast,multiple companies
https://ir.efi.com/events-presentations,list,yes,yes,yes,yes,yes,yes,yes,yes,no,no,webcast,old data
https://investors.cvrpartners.com/investor-presentations?c=220445&p=irol-presentations,list,yes,yes,yes,yes,yes,yes,yes,yes,no,no,webcast,only pdf
http://investor.pebblebrookhotels.com/event,list,yes,yes,yes,yes,yes,yes,yes,yes,no,no,phone + webcast,
https://www.ardaghgroup.com/corporate/investors,list,yes,yes,yes,yes,yes,yes,yes,yes,no,no,none,only pdf
https://investors.pulmonx.com/events-and-presentations,list,yes,yes,yes,yes,yes,yes,yes,yes,no,yes,webcast,
https://investor.shpreit.com/corporate-profile/default.aspx,list,yes,yes,yes,yes,yes,yes,yes,yes,no,yes/ both,phone,
http://navios-mlp.irwebpage.com/events.html,list,yes,yes,yes,yes,yes,no,no,yes,no,yes,webcast,only one event
https://investor.avistacorp.com/events-and-presentations,list,yes,yes,yes,yes,yes,yes,yes,yes,no,yes,webcast,
https://www.alleghany.com/investor-relations/events-and-presentations/default.aspx,list,yes,yes,some,yes,yes,some,some,yes,no,no,webcast,
https://www.royalgold.com/investors/events-presentations/,list,yes,yes,yes,yes,yes,yes,yes,yes,no,no,webcast,
https://www.goldmansachs.com/investor-relations/presentations/index.html,list,Yes,Yes,Yes,Yes,Yes,No,No,Yes,No,No,No,
https://ir.harmonybiosciences.com/news-events/investor-calendar,list,Yes,Yes,Yes,Yes,Yes,Yes,Yes,Yes,No,No,Yes,
https://sparton.com/press-room/,,,,,,,,,,,,,
https://www.pumabiotechnology.com/ir_events.html,,,,,,,,,,,,,
http://investors.potbelly.com/events-presentations,,,,,,,,,,,,,
https://investors.ivericbio.com/events-and-presentation,,,,,,,,,,,,,
http://ocean-rig.irwebpage.com/presentations.html,,,,,,,,,,,,,
http://stage.investorroom.com/yalla/Event-Calendar,,,,,,,,,,,,,
https://investor.bootbarn.com/events-and-presentations/default.aspx,,,,,,,,,,,,,
http://www.snl.com/IRW/event/4391353,,,,,,,,,,,,,
http://investors.globalnetlease.com/investor-relations/news-events/event-calendar/default.aspx,,,,,,,,,,,,,
https://investor.cincinnatibell.com/events-and-presentations/default.aspx,,,,,,,,,,,,,
https://ir.id-systems.com/company-information/presentations,,,,,,,,,,,,,
https://investors.ubproperties.com/news-events/presentations/default.aspx,,,,,,,,,,,,,
https://americanstateswatercompany.gcs-web.com/news-events/event-calendar,,,,,,,,,,,,,
https://heliusmedical.com/index.php/investor-relations/events/upcoming-events,,,,,,,,,,,,,
https://investors.fcpt.com/overview/default.aspx,,,,,,,,,,,,,
https://welltower.com/investors/,,,,,,,,,,,,,
https://investors.cecoenviro.com/events-webcasts-and-presentations,,,,,,,,,,,,,
https://www.hartenergyconferences.com/future-events-updated,,,,,,,,,,,,,
http://ir.flooranddecor.com/news-and-events/events-and-presentations/default.aspx,,,,,,,,,,,,,
https://redrobin.gcs-web.com/calendar-events,,,,,,,,,,,,,
https://www.arlingtonasset.com/webcasts-and-presentations?ajax=ajax&op=list&direction=past&limit_date,,,,,,,,,,,,,
http://investors.ccbg.com/Presentations,,,,,,,,,,,,,
http://investor.pebblebrookhotels.com/Webcasts/Index?keyGenPage=438344,,,,,,,,,,,,,
https://genuineparts.investorroom.com/events-webcasts,,,,,,,,,,,,,
http://ir.surgerypartners.com/events-and-presentations/presentations,,,,,,,,,,,,,
http://investors.cryolife.com/webcasts-and-presentations,,,,,,,,,,,,,
https://investor.fb.com/investor-events/default.aspx,,,,,,,,,,,,,
https://investors.hannonarmstrong.com/news-and-presentations/event-calendar/default.aspx,,,,,,,,,,,,,
https://www.flowersfoods.com/investors/resources/current-investor-presentation,,,,,,,,,,,,,
https://investors.biontech.de/events-and-presentations,,,,,,,,,,,,,
http://investors.tcr2.com/,,,,,,,,,,,,,
http://investor.deltaco.com/news-and-events/events-and-presentations/default.aspx,,,,,,,,,,,,,
https://ontoinnovation.com/company/events,,,,,,,,,,,,,
http://ir.hain.com/events-and-presentations/upcoming-events,,,,,,,,,,,,,
http://ir.eqcre.com/event,,,,,,,,,,,,,
https://navios.gcs-web.com/event-calendar,,,,,,,,,,,,,
https://ir.gtbiopharma.com/ir-calendar,,,,,,,,,,,,,
https://irpages2.eqs.com/websites/primowater/English/3000/investor-calendar.html,,,,,,,,,,,,,
http://www.interparfumsinc.com/ir_investor_presentation.html,,,,,,,,,,,,,
https://investors.pluralsight.com/news-and-events/events,,,,,,,,,,,,,
https://ir.silverbacktx.com/,,,,,,,,,,,,,
https://ir.usfoods.com/investors/events-and-presentations/default.aspx,,,,,,,,,,,,,
http://ir.tgtherapeutics.com/events,,,,,,,,,,,,,
https://investors.alcoa.com/events-and-presentations/events-calendar/default.aspx,,,,,,,,,,,,,
http://ir.musclepharmcorp.com/MSLP/events/2181,,,,,,,,,,,,,
https://benitec.com/for-investors/events-and-presentations/,,,,,,,,,,,,,
https://cuebiopharma.gcs-web.com/events-and-presentations/events/,,,,,,,,,,,,,
http://www.snl.com/IRW/Presentations/100532,,,,,,,,,,,,,
https://investor.graniteconstruction.com/,,,,,,,,,,,,,
https://axsometherapeuticsinc.gcs-web.com/news-releases/upcoming-events?field_nir_news_date_value[min]=,,,,,,,,,,,,,
http://redrockresorts.investorroom.com/events,,,,,,,,,,,,,
https://teekay.com/investors/teekay-corporation/financials-presentations/,,,,,,,,,,,,,
https://investor.insmed.com/events,,,,,,,,,,,,,
http://www.osg.com/webcasts-and-presentations,,,,,,,,,,,,,
https://bbgi.com/webcasts-presentations/,,,,,,,,,,,,,
http://investors.oaktreespecialtylending.com/phoenix.zhtml?c=216346&p=irol-presentations,,,,,,,,,,,,,
https://investors.cri.com/webcasts-presentations,,,,,,,,,,,,,
http://irdirect.net/NDRA/corporate_documents_iframe?type=1004&template=dms_years_pagination&hide_title=1&show_html_below=1&sort_dir=desc,,,,,,,,,,,,,
https://ir.martinmarietta.com/events-presentations,,,,,,,,,,,,,
https://investors.clr.com/index.php,,,,,,,,,,,,,
http://ir.spirit.com/overview/default.aspx,,,,,,,,,,,,,
https://www.veon.com/investors/webcast-details/,,,,,,,,,,,,,
http://investor.diamondoffshore.com/events-and-presentations/upcoming-events,,,,,,,,,,,,,
https://investor.theodpcorp.com/news-and-events/events,,,,,,,,,,,,,
https://investor.firstsolar.com/financial-events/default.aspx,,,,,,,,,,,,,
https://investors.durect.com/event-calendar/past-events,,,,,,,,,,,,,
https://investor.synovus.com/events/events-presentations/default.aspx,,,,,,,,,,,,,
https://investors.enablemidstream.com/events-and-presentations/default.aspx,,,,,,,,,,,,,
http://ir.tcgbdc.com/events-and-presentations,,,,,,,,,,,,,
https://investors.mreic.reit/events-presentations/default.aspx,,,,,,,,,,,,,
https://www.celsiusholdingsinc.com/investors/,,,,,,,,,,,,,
https://investors.tradeweb.com/events-and-presentations,,,,,,,,,,,,,
https://ir.superleague.com/company-information/presentations,,,,,,,,,,,,,
https://ir.covetrus.com/investors/events-and-presentations,,,,,,,,,,,,,
https://www.allstateinvestors.com/events-and-presentations/calendar,,,,,,,,,,,,,
https://investor.gatossilver.com/events-and-presentations/events/default.aspx,,,,,,,,,,,,,
https://ir.catalystpharma.com/events-and-presentations,,,,,,,,,,,,,
https://investors.cornerstonebuildingbrands.com/events-and-presentations/default.aspx,,,,,,,,,,,,,
https://phx.corporate-ir.net/phoenix.zhtml?c=111013&p=irol-irhome,,,,,,,,,,,,,
https://www.onegas.com/investors/events-and-presentations/default.aspx,,,,,,,,,,,,,
https://ir.athenex.com/investor-calendar,,,,,,,,,,,,,
https://investor.salemmedia.com/news-events/ir-calendar,,,,,,,,,,,,,
https://ir.nielsen.com/investor-relations/shareholder-information/annual-meeting/default.aspx,,,,,,,,,,,,,
http://ir.chiasmapharma.com/events-presentations,,,,,,,,,,,,,
https://firstindustrialrealtytrustinc.gcs-web.com/events-and-presentations/upcoming-events/,,,,,,,,,,,,,
https://qumu.com/en/investor-relations/,,,,,,,,,,,,,
https://ir.intracellulartherapies.com/events-and-presentations,,,,,,,,,,,,,
http://ir.capitalsouthwest.com/events-presentations,,,,,,,,,,,,,
http://ir.nuskin.com/events-and-presentations?c=103888&p=irol-calendar,,,,,,,,,,,,,
http://investors.nninc.com/phoenix.zhtml?c=110673&p=irol-presentations,,,,,,,,,,,,,
https://ir.usana.com/company-information/presentations,,,,,,,,,,,,,
https://ir.axogeninc.com/presentations,,,,,,,,,,,,,
https://investors.novanta.com/presentations-and-events,,,,,,,,,,,,,
https://www.basices.com/news-media/presentations,,,,,,,,,,,,,
http://www.lubysinc.com/investors/events/,,,,,,,,,,,,,
http://investors.protagonist-inc.com/events,,,,,,,,,,,,,
https://ir.firstoflongisland.com/ir-resources/investor-presentation,,,,,,,,,,,,,
http://www.purecyclewater.com/investors/,,,,,,,,,,,,,
https://investor.blackknightinc.com/investors/investor-home/default.aspx,,,,,,,,,,,,,
https://investors.fedex.com/news-and-events/webcasts-and-presentations/default.aspx,,,,,,,,,,,,,
https://corp.turtlebeach.com/events-presentations/,,,,,,,,,,,,,
https://investor.campingworld.com/events-and-presentations/default.aspx,,,,,,,,,,,,,
http://investor.tomimist.com/TOMZ/webcasts_and_events/2145,,,,,,,,,,,,,
https://www.investor.fnf.com/news-and-events/presentations,,,,,,,,,,,,,
http://investors.chefswarehouse.com/events-and-presentations,,,,,,,,,,,,,
http://investors.uedge.com/,,,,,,,,,,,,,
https://www.bp.com/en/global/bp-midstream-partners/investor-relations/events---presentations.html,,,,,,,,,,,,,
https://ir.scynexis.com/presentations,,,,,,,,,,,,,
https://www.fanniemae.com/portal/about-fm/investor-relations/quarterly-annual-results.html,,,,,,,,,,,,,
https://www.ge.com/investor-relations/events-reports,,,,,,,,,,,,,
https://expworldholdings.com/presentation/,,,,,,,,,,,,,
https://lennoxinternational.gcs-web.com/events-and-presentations/past-events,,,,,,,,,,,,,
https://investors.tufin.com/home/default.aspx,,,,,,,,,,,,,
https://investor.qualcomm.com/news-events/ir-calendar,,,,,,,,,,,,,
https://haemonetics.gcs-web.com/events-presentations,,,,,,,,,,,,,
https://investors.globelifeinsurance.com/calendar,,,,,,,,,,,,,
https://investors.f5.com/news-and-events/events-and-presentations/default.aspx,,,,,,,,,,,,,
https://investor.avalara.com/press-releases/events-and-presentations/default.aspx,,,,,,,,,,,,,
https://ir.blackhillscorp.com/events-presentations/default.aspx,,,,,,,,,,,,,
http://investors.myokardia.com/events-and-presentations,,,,,,,,,,,,,
https://investor.mylan.com/events-presentations,,,,,,,,,,,,,
http://www.piperjaffray.com/2col.aspx?id=365,,,,,,,,,,,,,
https://ir.syros.com/presentations,,,,,,,,,,,,,
https://www.diamondbackenergy.com/investors/events-presentations,,,,,,,,,,,,,
https://investor.seer.bio/news-and-events/investor-calendar,,,,,,,,,,,,,
https://ir.rh.com/financials-filings/quarterly-earnings,,,,,,,,,,,,,
https://investor.cree.com/financial-events-presentations,,,,,,,,,,,,,
https://bench.investorroom.com/Investor-Events,,,,,,,,,,,,,
https://www.ibm.com/investor/events,,,,,,,,,,,,,
https://investor.stamps.com/company-information/presentations,,,,,,,,,,,,,
https://ir.oled.com/shareholders/events-and-presentations/default.aspx,,,,,,,,,,,,,
https://investor.precisionbiosciences.com/events-and-presentations,,,,,,,,,,,,,
https://ir.everbridge.com/events-presentations,,,,,,,,,,,,,
https://investor.calamp.com/events-and-presentations/default.aspx,,,,,,,,,,,,,
http://phx.corporate-ir.net/phoenix.zhtml?c=176673&p=irol-calendar,,,,,,,,,,,,,
https://investors.saic.com/feed/Event.svc/GetEventList?apiKey=BF185719B0464B3CB809D23926182246&LanguageId=1&eventSelection=0&eventDateFilter=0&includeFinancialReports=true&includePresentations=true&includePressReleases=true&sortOperator=1&pageSize=-1&pageNumber=0&tagList=&includeTags=true&year={YYYY}&excludeSelection=1,,,,,,,,,,,,,
http://www.snl.com/IRW/event/4040227,,,,,,,,,,,,,
https://ir.veeva.com/investors/news-and-events/events-and-presentations/default.aspx,,,,,,,,,,,,,
https://www.eaton.com/us/en-us/company/investor-relations/investor-toolkit/financial-reports/annual-investor-conference.html,,,,,,,,,,,,,
http://www.lexpharma.com/events,,,,,,,,,,,,,
https://investor.ajg.com/event-calendar,,,,,,,,,,,,,
https://investor.equifax.com/news-and-events/events-and-presentations,,,,,,,,,,,,,
https://ir.ziopharm.com/events.cfm,,,,,,,,,,,,,
https://ir.wingstop.com/home/default.aspx,,,,,,,,,,,,,
https://gentherm.gcs-web.com/events,,,,,,,,,,,,,
http://investors.viasat.com/events.cfm,,,,,,,,,,,,,
https://www.seic.com/webcasts-events,,,,,,,,,,,,,
http://www.nglenergypartners.com/investor-relations/presentations/,,,,,,,,,,,,,
https://investors.power.com/investors/events-and-presentations/default.aspx,,,,,,,,,,,,,
https://quotientbd.com/media/events-and-presentations,,,,,,,,,,,,,
https://www.diggersndealers.com.au/,,,,,,,,,,,,,
https://ir.brileyfin.com/overview,,,,,,,,,,,,,
http://investors.oceaneering.com/presentations-and-webcasts/default.aspx,,,,,,,,,,,,,
https://www.snl.com/IRW/Presentations/100444,,,,,,,,,,,,,
https://www.teledyne.com/investors/presentations,,,,,,,,,,,,,
https://concurrentcomputercorporation.gcs-web.com/events-and-presentations,,,,,,,,,,,,,
http://ir.transenterix.com/events-and-presentations,,,,,,,,,,,,,
https://ir.capstarbank.com/events-and-presentations/upcoming-events,,,,,,,,,,,,,
https://investors.adient.com/events-and-presentations/events,,,,,,,,,,,,,
https://www.amtd.com/investor-relations/calendar/default.aspx,,,,,,,,,,,,,
http://investors.brighthorizons.com/,,,,,,,,,,,,,
https://ir.spirit.com/resources/events-presentations/default.aspx,,,,,,,,,,,,,
http://www.citiconferences.com/,,,,,,,,,,,,,
https://bbt.investorroom.com/webcasts-and-presentations,,,,,,,,,,,,,
https://ir.eigerbio.com/events-presentations,,,,,,,,,,,,,
https://ir.motorsportgames.com/news-and-events/events,,,,,,,,,,,,,
https://ir.livent.com/financials-and-filings/calendar-of-events/default.aspx,,,,,,,,,,,,,
http://investor.mercadolibre.com/events-and-presentations/events,,,,,,,,,,,,,
http://investor.clearwayenergy.com/events-and-presentations/presentations,,,,,,,,,,,,,
http://ir.firstcash.com/events-and-presentations,,,,,,,,,,,,,
https://ir.limbachinc.com/ir-calendar,,,,,,,,,,,,,
https://ir.jamf.com/news-events/presentations,,,,,,,,,,,,,
https://ir.cerus.com/news-and-events/annual-meeting/default.aspx,,,,,,,,,,,,,
https://www.snl.com/IRW/event/100501,,,,,,,,,,,,,
https://investor.onemainfinancial.com/event/event-calendar/default.aspx,,,,,,,,,,,,,
https://www.wabashnational.com/events,,,,,,,,,,,,,
https://www.epgconference.com/open_access/generalinfo.aspx,,,,,,,,,,,,,
https://www.checkpoint.com/about-us/investor-relations/,,,,,,,,,,,,,
http://goodrichpetroleumcorp.investorroom.com/events,,,,,,,,,,,,,
https://investor.synlogictx.com/news-and-events/event-calendar,,,,,,,,,,,,,
https://investors.freshpet.com/investors/calendar-of-events/upcoming-events/default.aspx,,,,,,,,,,,,,
https://www.argolimited.com/investors/presentations/,,,,,,,,,,,,,
https://cloudflare.net/events-and-presentations/default.aspx,,,,,,,,,,,,,
https://www.pepsico.com/investors/financial-information/events-and-presentations,,,,,,,,,,,,,
https://ir.shockwavemedical.com/news-events/investor-calendar,,,,,,,,,,,,,
https://investor.limoneira.com/events-presentations,,,,,,,,,,,,,
https://investor.lilly.com/webcasts-and-presentations,,,,,,,,,,,,,
https://www.hematology.org/meetings/annual-meeting,,,,,,,,,,,,,
https://investor.everspin.com/phoenix.zhtml?c=254442&p=irol-calendar,,,,,,,,,,,,,
https://ir.sitomobile.com/,,,,,,,,,,,,,
https://ir.randcapital.com/presentations?year={YYYY},,,,,,,,,,,,,
https://investors.brown-forman.com/events-and-presentations,,,,,,,,,,,,,
https://www.e2open.com/events/,,,,,,,,,,,,,
https://investors.tranetechnologies.com/news-and-events/events/default.aspx,,,,,,,,,,,,,
http://investors.otonomy.com/events-and-presentations/upcoming-events?c=234082&p=irol-calendar,,,,,,,,,,,,,
https://www.adm.com/investors/presentations,,,,,,,,,,,,,
http://investor.columbia.com/events,,,,,,,,,,,,,
https://ir.jll.com/overview/default.aspx,,,,,,,,,,,,,
https://ir.true.com/events-presentations,,,,,,,,,,,,,
https://ir.bbxcapital.com/news-events/ir-calendar,,,,,,,,,,,,,
https://www.sunocolp.com/investors/,,,,,,,,,,,,,
https://ir.ifinancial.com/event,,,,,,,,,,,,,
http://ir.iretapartments.com/event,,,,,,,,,,,,,
https://investor.lovesac.com/news-and-events/presentations,,,,,,,,,,,,,
https://ir.corcept.com/events,,,,,,,,,,,,,
https://company.clearchanneloutdoor.com/investor-relations/,,,,,,,,,,,,,
https://www.snapon.com/EN/Investors/Financial-Information/Quarterly-Earnings,,,,,,,,,,,,,
https://investors.crc.com/events-and-presentations/,,,,,,,,,,,,,
https://investor.dolby.com/event-calendar,,,,,,,,,,,,,
https://investors.hbfuller.com/events-and-presentations/presentations/default.aspx,,,,,,,,,,,,,
https://bristolmyers2016ir.q4web.com/iframes/events-and-presentations/default.aspx,,,,,,,,,,,,,
http://ir.lajollapharmaceutical.com/,,,,,,,,,,,,,
https://alliedmotiontechnologiesinc.gcs-web.com/events-and-presentations,,,,,,,,,,,,,
https://www.constellium.com/financial-listing,,,,,,,,,,,,,
https://khov.gcs-web.com/,,,,,,,,,,,,,
https://ir.viveve.com/presentations,,,,,,,,,,,,,
https://www.adobe.com/investor-relations/calendar.html,,,,,,,,,,,,,
http://ir.ameriprise.com/event-calendar,,,,,,,,,,,,,
http://sbgi.net/investor-relations/,,,,,,,,,,,,,
https://platform.mi.spglobal.com/IRW/News/4206062,,,,,,,,,,,,,
https://investors.tpgrefinance.com/investor-home/default.aspx,,,,,,,,,,,,,
https://investor.sangamo.com/,,,,,,,,,,,,,
https://ir.bookingholdings.com/events-presentations,,,,,,,,,,,,,
https://investor.meridianbioscience.com/events-and-presentations?c=117257&p=irol-presentations,,,,,,,,,,,,,
https://ingredion.gcs-web.com/events-and-presentations/presentations,,,,,,,,,,,,,
https://ir.verramobility.com/news-and-events/investor-calendar,,,,,,,,,,,,,
http://www.genesisenergy.com/investors/presentations/,,,,,,,,,,,,,
https://www.jpmorgan.com/commercial-banking/news-events,,,,,,,,,,,,,
https://investors.rtx.com/,,,,,,,,,,,,,
https://investor.trimble.com/events-presentations,,,,,,,,,,,,,
https://www.frontline.bm/category/presentations/,,,,,,,,,,,,,
https://ir.criver.com/calendar/upcoming-events,,,,,,,,,,,,,
https://ir.certara.com/news-events/events,,,,,,,,,,,,,
https://ir.shiftpixy.com/events-and-presentations,,,,,,,,,,,,,
https://www.provectusbio.com/annual-meeting,,,,,,,,,,,,,
https://investors.nanox.vision/events-presentations/events,,,,,,,,,,,,,
https://www.westlake.com/newsroom,,,,,,,,,,,,,
https://investors.diffusionpharma.com/presentations/default.aspx,,,,,,,,,,,,,
https://ir.sm-energy.com/ir-home/news-and-events/events-and-presentations/default.aspx,,,,,,,,,,,,,
https://investor.teradata.com/news-and-events/calendar-of-events/default.aspx,,,,,,,,,,,,,
https://investors.statestreet.com/investor-news-events/archived-presentations/default.aspx,,,,,,,,,,,,,
https://www.aethlonmedical.com/news-media/events,,,,,,,,,,,,,
http://www.pnmresources.com/investors/events-and-presentations.aspx,,,,,,,,,,,,,
https://investor.albertsonscompanies.com/Event-Calendar,,,,,,,,,,,,,
http://investor.brandywinerealty.com/Presentations,,,,,,,,,,,,,
http://ir.myomo.com/events-and-presentations,,,,,,,,,,,,,
https://ir.smith-wesson.com/events,,,,,,,,,,,,,
https://houstonamerican.com/,,,,,,,,,,,,,
http://investor.entegris.com/events-and-presentations,,,,,,,,,,,,,
http://ir.halliburton.com/news-and-events/event-calendar,,,,,,,,,,,,,
https://invest.jacobs.com/investors/Webcasts-Presentations/,,,,,,,,,,,,,
https://investors.inhibitortx.com/events-and-presentations,,,,,,,,,,,,,
https://ir.murphyoilcorp.com/overview/default.aspx,,,,,,,,,,,,,
https://ir.kindermorgan.com/events-and-presentations/default.aspx,,,,,,,,,,,,,
http://ir.cnoinc.com/investors/webcasts/default.aspx,,,,,,,,,,,,,
https://investors.bakerhughes.com/events,,,,,,,,,,,,,
https://investor.snap.com/events-and-presentations/events,,,,,,,,,,,,,
https://investor.voxeljet.com/events-and-presentations/default.aspx,,,,,,,,,,,,,
http://www.valhi.net/news-releases,,,,,,,,,,,,,
http://corporate.ferrari.com/en/investors/events-and-presentations/financial-corporate-calendar,,,,,,,,,,,,,
https://fmccorp.gcs-web.com/calendar-events,,,,,,,,,,,,,
https://cernercorporation.gcs-web.com/events-and-presentations,,,,,,,,,,,,,
https://ir.rhythmtx.com/events-and-presentations,,,,,,,,,,,,,
https://ir.virios.com/events-presentations/events,,,,,,,,,,,,,
https://www.idahofirstbank.com/about-us/investor-relations,,,,,,,,,,,,,
https://www.rmrgroup.com/investors-and-media/events-and-presentations/default.aspx,,,,,,,,,,,,,
https://www.flotekind.com/index.php/investor-relations/itemlist/category/106-webcast,,,,,,,,,,,,,
https://ir.consolidated.com/events-presentations,,,,,,,,,,,,,
https://investors.parker.com/presentations-webcasts/webcasts,,,,,,,,,,,,,
http://lifetimebrands.gcs-web.com/events-and-presentations,,,,,,,,,,,,,
https://investor.seattlegenetics.com/events-and-presentations/default.aspx,,,,,,,,,,,,,
https://www.momentapharma.com/News-or-Events/events-and-presentations/default.aspx,,,,,,,,,,,,,
https://exterran.gcs-web.com/events,,,,,,,,,,,,,
http://ir.navios-acquisition.com/events-and-presentations/upcoming-events,,,,,,,,,,,,,
https://investors.schneider.com/investors/events/default.aspx,,,,,,,,,,,,,
https://investors.hookerfurniture.com/events,,,,,,,,,,,,,
http://www.stratusproperties.com/investors/,,,,,,,,,,,,,
https://ir.pros.com/news-and-events/default.aspx,,,,,,,,,,,,,
https://ir.ehealthinsurance.com/,,,,,,,,,,,,,
https://investor.fastenal.com/news-releases/default.aspx,,,,,,,,,,,,,
https://investors.hbfuller.com/events-and-presentations/events-calendar/default.aspx,,,,,,,,,,,,,
http://vantagedrilling.com/investor-relations/presentations/,,,,,,,,,,,,,
https://fisglobal.gcs-web.com/presentations,,,,,,,,,,,,,
https://ir.netscout.com/investors/events-and-presentations/events-calendar/default.aspx,,,,,,,,,,,,,
https://ir.codiakbio.com/news-events/events,,,,,,,,,,,,,
http://www.dynagaspartners.com/?page=press,,,,,,,,,,,,,
https://investors.mgmresorts.com/investors/events-and-presentations/events/default.aspx,,,,,,,,,,,,,
http://investors.jrgh.net/events-and-presentations/presentations,,,,,,,,,,,,,
https://www.craig-hallum.com/,,,,,,,,,,,,,
https://www.aga.org/events-community/upcoming-events/,,,,,,,,,,,,,
https://investors.rrts.com/events-and-presentations,,,,,,,,,,,,,
https://www.pacificethanol.com/events/,,,,,,,,,,,,,
http://ir.ntic.com/events-presentations,,,,,,,,,,,,,
https://cytosorbents.com/investor-relations/events-presentation/,,,,,,,,,,,,,
https://ir.molsoncoors.com/events-and-presentations/events-and-presentations/default.aspx,,,,,,,,,,,,,
https://irdirect.net/HCI/corporate_documents?type=1004,,,,,,,,,,,,,
http://investors.wsfsbank.com/presentations,,,,,,,,,,,,,
https://investors.xcelenergy.com/news-market-information/event-calendar/default.aspx,,,,,,,,,,,,,
https://www.sflcorp.com/calendar/,,,,,,,,,,,,,
https://www.rollins.com/investor-relations/events-and-presentations,,,,,,,,,,,,,
http://investors.canadiansolar.com/events,,,,,,,,,,,,,
https://ir.petco.com/news-and-events/events-and-presentations,,,,,,,,,,,,,
http://www.investors.ups.com/news-and-events/investor-calendar,,,,,,,,,,,,,
https://investor.aosmd.com/events-and-presentations/events/default.aspx,,,,,,,,,,,,,
https://investors.globant.com/events,,,,,,,,,,,,,
https://investors.sci-corp.com/events,,,,,,,,,,,,,
https://investor.meipharma.com/events-webcasts,,,,,,,,,,,,,
https://www.realtyincome.com/investors/events-and-webcasts/default.aspx,,,,,,,,,,,,,
https://investors.cvrenergy.com/presentations,,,,,,,,,,,,,
https://cswindustrials.gcs-web.com/events-and-presentations/events,,,,,,,,,,,,,
https://verintsystems.gcs-web.com/webcast,,,,,,,,,,,,,
http://investor.axcelis.com/events-and-presentations/events,,,,,,,,,,,,,
http://ir.easterlyreit.com/corporate-profile/default.aspx,,,,,,,,,,,,,
https://investors.astronovainc.com/investors/events-and-presentations/default.aspx,,,,,,,,,,,,,
http://ir.firstbusiness.com/Presentations,,,,,,,,,,,,,
https://investors.fcx.com/investors/presentations/default.aspx,,,,,,,,,,,,,
http://ir.istar.com/events-presentations,,,,,,,,,,,,,
https://investors.xpo.com/investor-resources/online-investor-kit,,,,,,,,,,,,,
https://investors.curtisswright.com/events-and-presentations/default.aspx,,,,,,,,,,,,,
https://investor.mksinst.com/calendar-of-events,,,,,,,,,,,,,
http://www.hostessbrands.com/upcoming-events?c=254431&p=irol-calendar,,,,,,,,,,,,,
http://investors.westerngas.com/webcasts-and-presentations,,,,,,,,,,,,,
https://investor.pseg.com/investor-news-and-events/presentations/default.aspx,,,,,,,,,,,,,
https://www.afginc.com/news-and-events/event-calendar?c=89330&p=irol-calendar,,,,,,,,,,,,,
https://www.pepsico.com/investors/financial-information/financial-news,,,,,,,,,,,,,
https://www.arcosdorados.com/ir/,,,,,,,,,,,,,
http://investor.mts.com/events-and-presentations/presentations,,,,,,,,,,,,,
https://ir.terratechcorp.com/ir-calendar,,,,,,,,,,,,,
https://qcrh.q4ir.com/news-and-events/presentations/default.aspx,,,,,,,,,,,,,
https://www.neonode.com/investor-relations/financial-reporting-calendar/,,,,,,,,,,,,,
https://ir.digitalturbine.com/events,,,,,,,,,,,,,
https://ir.eargo.com/news-and-events/events-and-presentations,,,,,,,,,,,,,
https://www.verizon.com/about/investors/investor-calendar,,,,,,,,,,,,,
https://investor.irobot.com/events-and-presentations/upcoming-events,,,,,,,,,,,,,
https://www.marathonpetroleum.com/Investors/Events-and-Presentations/,,,,,,,,,,,,,
https://investors.sailpoint.com/events-and-presentations,,,,,,,,,,,,,
https://www.howmet.com/investors/,,,,,,,,,,,,,
https://investor.shentel.com/events-and-presentations,,,,,,,,,,,,,
https://investor.trueblue.com/news-and-events/events/default.aspx,,,,,,,,,,,,,
https://investors.seagate.com/events/default.aspx,,,,,,,,,,,,,
https://ir.expediagroup.com/news-and-events/investor-events/default.aspx,,,,,,,,,,,,,
http://ir.gciliberty.com/events-and-presentations/upcoming-events,,,,,,,,,,,,,
https://ir.seacorholdings.com/events-presentations,,,,,,,,,,,,,
http://investors.universallogistics.com/presentations,,,,,,,,,,,,,
https://ir.superleague.com/news-events,,,,,,,,,,,,,
https://ir.compassdiversified.com/events-and-presentations/default.aspx,,,,,,,,,,,,,
https://www.selective.com/investors/financial-calendar,,,,,,,,,,,,,
https://vandapharmaceuticalsinc.gcs-web.com/events-and-presentations/,,,,,,,,,,,,,
https://investor.windstream.com/home/default.aspx,,,,,,,,,,,,,
https://ir.eagleships.com/presentations,,,,,,,,,,,,,
http://ir.corporate.murphyusa.com/investor-relations/events-and-presentations/,,,,,,,,,,,,,
https://ir.amsc.com/events-presentations,,,,,,,,,,,,,
https://ir.tuesdaymorning.com/events,,,,,,,,,,,,,
https://ir.americanexpress.com/events/default.aspx,,,,,,,,,,,,,
http://safebulkers.com/invest_events.htm,,,,,,,,,,,,,
https://www.netflixinvestor.com/investor-news-and-events/financial-releases/default.aspx,,,,,,,,,,,,,
https://www.macysinc.com/investors/news-events/ir-calendar,,,,,,,,,,,,,
https://ir.terratechcorp.com/presentations,,,,,,,,,,,,,
http://ir.dpwholdings.com/events-and-presentations?c=113943&p=irol-calendar,,,,,,,,,,,,,
https://investors.kimcorealty.com/Presentations,,,,,,,,,,,,,
https://verupharma.com/investors/presentations-conference-calls/,,,,,,,,,,,,,
http://ir.perkinelmer.com/presentations,,,,,,,,,,,,,
https://ir.take2games.com/past-events,,,,,,,,,,,,,
http://www.arlp.com/events-and-presentations,,,,,,,,,,,,,
https://howardbank.q4ir.com/news-events/presentations/default.aspx,,,,,,,,,,,,,
https://www.corvel.com/investors/webcasts/,,,,,,,,,,,,,
https://shareholders.stepstoneglobal.com/,,,,,,,,,,,,,
https://ir.archtherapeutics.com/ir-calendar,,,,,,,,,,,,,
http://inc.skywest.com/news-and-events/presentations/,,,,,,,,,,,,,
https://www.alamo-group.com/investor-relations/investor-presentations/,,,,,,,,,,,,,
http://irdirect.net/NDRA/corporate_documents_iframe/?type=1001&years_pagination=1&show_html_below=1&hide_title=1&sort_dir=asc&hide_years_pagination=1&period=future&limit=6,,,,,,,,,,,,,
http://investors.matadorresources.com/events-and-presentations,,,,,,,,,,,,,
https://investors.zillowgroup.com/investors/news-and-events/events-and-presentations/default.aspx,,,,,,,,,,,,,
https://www.aboutschwab.com/financial-reports,,,,,,,,,,,,,
https://www.peabodyenergy.com/Investor-Info/Shareholder-Information/Presentations,,,,,,,,,,,,,
https://ir.53.com/events/default.aspx,,,,,,,,,,,,,
https://ir.oxfordsquarecapital.com/feed/Presentation.svc/GetPresentationList?apiKey=BF185719B0464B3CB809D23926182246&LanguageId=1&presentationDateFilter=3&pageSize=-1&pageNumber=0&tagList=&includeTags=true&year=-1&excludeSelection=1,,,,,,,,,,,,,
https://ir.epelectric.com/financial-governance-and-regulatory/financials,,,,,,,,,,,,,
http://www.sdpi.com/Events,,,,,,,,,,,,,
https://ir.trecora.com/ir-events,,,,,,,,,,,,,
http://investors.hersha.com/Presentations,,,,,,,,,,,,,
https://investors.immunome.com/events-and-presentations/default.aspx,,,,,,,,,,,,,
https://investors.tivityhealth.com/news-and-events/default.aspx,,,,,,,,,,,,,
http://ir.echostar.com/events-and-presentations,,,,,,,,,,,,,
https://www.oxy.com/investors/Pages/default.aspx,,,,,,,,,,,,,
http://bancorpsouth.investorroom.com/webcasts,,,,,,,,,,,,,
https://teleflexincorporated.gcs-web.com/calendar-of-events,,,,,,,,,,,,,
https://platform.mi.spglobal.com/IRW/event/4047103,,,,,,,,,,,,,
http://www.iradimed.com/en-us/investors/events,,,,,,,,,,,,,
https://ir.cardaxpharma.com/ir-calendar,,,,,,,,,,,,,
https://investors.kymeratx.com/events-and-presentations,,,,,,,,,,,,,
http://investors.accuray.com/events-and-presentations/upcoming-events,,,,,,,,,,,,,
https://ir.boh.com/events-and-presentations/upcoming-events,,,,,,,,,,,,,
http://www.snl.com/IRW/Presentations/100625,,,,,,,,,,,,,
https://corporate.finishline.com/presentations,,,,,,,,,,,,,
https://ir.heatbio.com/ir-calendar,,,,,,,,,,,,,
https://quakerchemicalcorp.gcs-web.com/presentations,,,,,,,,,,,,,
https://investors.soterahealth.com/events-and-presentations,,,,,,,,,,,,,
https://corporate.oreillyauto.com/investor-relations-news-room,,,,,,,,,,,,,
https://investor.lkqcorp.com/events-and-presentations/default.aspx,,,,,,,,,,,,,
https://www.flowersfoods.com/investors/events-and-presentations,,,,,,,,,,,,,
http://huntington-ir.com/confcall/,,,,,,,,,,,,,
https://www.goldforumamericas.com/participating-companies/,,,,,,,,,,,,,
https://www.manitexinternational.com/eventspresentations.aspx,,,,,,,,,,,,,
https://investor.agenusbio.com/events-and-presentations,,,,,,,,,,,,,
https://investors.silkroadmed.com/news-events/events-presentations,,,,,,,,,,,,,
https://www.humanigen.com/events,,,,,,,,,,,,,
https://investors.pagseguro.com/news-events/events/,,,,,,,,,,,,,
https://www.reatapharma.com/investors/,,,,,,,,,,,,,
http://ir.mammothenergy.com/events-presentations,,,,,,,,,,,,,
http://investor.apachecorp.com/events.cfm,,,,,,,,,,,,,
https://ir.tellurianinc.com/ir-calendar,,,,,,,,,,,,,
http://ir.acacia-inc.com/events-and-presentations/upcoming-events,,,,,,,,,,,,,
http://ir.wisdomtree.com/events-and-presentations,,,,,,,,,,,,,
https://ogeenergy.gcs-web.com/events-presentations,,,,,,,,,,,,,
https://www.servicenow.com/company/investor-relations.html,,,,,,,,,,,,,
https://investor.outfrontmedia.com/feed/Event.svc/GetEventList?apiKey=BF185719B0464B3CB809D23926182246&pageSize=25&includeTags=true&eventSelection=1&test=&sortOperator=1&EventDateFilter=3&includePressReleases=true&includePresentations=true&includeFinancialReports=true&tagList=&LanguageId=1,,,,,,,,,,,,,
https://investors.gapinc.com/press-releases/default.aspx,,,,,,,,,,,,,
https://ir.mustangbio.com/corporate-presentation/default.aspx,,,,,,,,,,,,,
https://investor.autoweb.com/events-and-presentations,,,,,,,,,,,,,
http://ir.chemed.com/events-and-presentations/upcoming-events,,,,,,,,,,,,,
https://www.snl.com/IRW/event/100792,,,,,,,,,,,,,
https://www.arconic.com/global/en/investors/financial-calendar.asp,,,,,,,,,,,,,
http://investors.eyepointpharma.com/events-and-presentations,,,,,,,,,,,,,
https://aarcorp.gcs-web.com/events-and-presentations/upcoming-events?c=117483&p=irol-calendar,,,,,,,,,,,,,
https://investors.blackline.com/,,,,,,,,,,,,,
https://www.microchip.com/en-us/about/events,,,,,,,,,,,,,
https://investors.danaher.com/events-presentations,,,,,,,,,,,,,
http://ir.minervaneurosciences.com/events-and-presentations,,,,,,,,,,,,,
https://investors.personalis.com/events,,,,,,,,,,,,,
https://www.basices.com/investors/news-events/ir-calendar,,,,,,,,,,,,,
http://www.snl.com/IRW/event/100154,,,,,,,,,,,,,
https://investor.ridefox.com/events-and-presentations/presentations/default.aspx,,,,,,,,,,,,,
https://ir.soliton.com/ir-calendar,,,,,,,,,,,,,
https://ir.charter.com/events-and-webcasts,,,,,,,,,,,,,
https://investors.hyatt.com/investor-relations/news-and-events/events-and-presentation/default.aspx,,,,,,,,,,,,,
https://ir.bsig.com/investor-relations/overview/default.aspx,,,,,,,,,,,,,